Workbook

Sheet Estimates of the use of water (
A1: name | B1: year | C1: y_diff | D1: pop_n | E1: pop_u | F1: wat_bas_n | G1: ARC_n | H1: ARC_r | I1: ARC_u | J1: ARC_diff | K1: wat_lim_n | L1: wat_unimp_n | M1: wat_sur_n | N1: wat_bas_r | O1: wat_lim_r | P1: wat_unimp_r | Q1: wat_sur_r | R1: wat_bas_u | S1: wat_lim_u | T1: wat_unimp_u | U1: wat_sur_u
A2: Afghanistan | B2: 2015 | C2: =IF(A3=Estimates_of_the_use_of_water__2000_2020[[#This Row],[name]], B3-Estimates_of_the_use_of_water__2000_2020[[#This Row],[year]],"") -> 5 | D2: 34413.602 | E2: 24.802999 | F2: 61.339781 | G2: =((F3-Estimates_of_the_use_of_water__2000_2020[[#This Row],[wat_bas_n]])/(B3-Estimates_of_the_use_of_water__2000_2020[[#This Row],[year]])) -> 2.7503265 | H2: =((N3-Estimates_of_the_use_of_water__2000_2020[[#This Row],[wat_bas_r]])/(B3-Estimates_of_the_use_of_water__2000_2020[[#This Row],[year]])) -> 2.6678826 | I2: =(R3-Estimates_of_the_use_of_water__2000_2020[[#This Row],[wat_bas_u]])/(B3-Estimates_of_the_use_of_water__2000_2020[[#This Row],[year]]) -> 2.6682119 | J2: =ABS(Estimates_of_the_use_of_water__2000_2020[[#This Row],[ARC_r]]-Estimates_of_the_use_of_water__2000_2020[[#This Row],[ARC_u]]) -> 0.000329218 | K2: 3.5111995 | L2: 22.168784 | M2: 12.980236 | N2: 52.988502 | O2: 3.8611366 | P2: 26.553268 | Q2: 16.597094 | R2: 86.658941 | S2: 2.4502706 | T2: 8.8760357 | U2: 2.014753
A3: Afghanistan | B3: 2020 | C3: =IF(A4=Estimates_of_the_use_of_water__2000_2020[[#This Row],[name]], B4-Estimates_of_the_use_of_water__2000_2020[[#This Row],[year]],"") | D3: 38928.34 | E3: 26.025999 | F3: 75.091413 | G3: =((F4-Estimates_of_the_use_of_water__2000_2020[[#This Row],[wat_bas_n]])/(B4-Estimates_of_the_use_of_water__2000_2020[[#This Row],[year]])) -> -3.6605824 | H3: =((N4-Estimates_of_the_use_of_water__2000_2020[[#This Row],[wat_bas_r]])/(B4-Estimates_of_the_use_of_water__2000_2020[[#This Row],[year]])) -> -4.8598719 | I3: =(R4-Estimates_of_the_use_of_water__2000_2020[[#This Row],[wat_bas_u]])/(B4-Estimates_of_the_use_of_water__2000_2020[[#This Row],[year]]) -> 0.91098661 | J3: =ABS(Estimates_of_the_use_of_water__2000_2020[[#This Row],[ARC_r]]-Estimates_of_the_use_of_water__2000_2020[[#This Row],[ARC_u]]) -> 5.7708585 | K3: 1.4475417 | L3: 14.560263 | M3: 8.9007822 | N3: 66.327915 | O3: 1.9568249 | P3: 19.682949 | Q3: 12.032311 | R3: 100 | S3: 0 | T3: 0 | U3: 0
A4: Albania | B4: 2015 | C4: =IF(A5=Estimates_of_the_use_of_water__2000_2020[[#This Row],[name]], B5-Estimates_of_the_use_of_water__2000_2020[[#This Row],[year]],"") -> 5 | D4: 2890.5239 | E4: 57.433998 | F4: 93.394325 | G4: =((F5-Estimates_of_the_use_of_water__2000_2020[[#This Row],[wat_bas_n]])/(B5-Estimates_of_the_use_of_water__2000_2020[[#This Row],[year]])) -> 0.3347427 | H4: =((N5-Estimates_of_the_use_of_water__2000_2020[[#This Row],[wat_bas_r]])/(B5-Estimates_of_the_use_of_water__2000_2020[[#This Row],[year]])) -> 0.69281669 | I4: =(R5-Estimates_of_the_use_of_water__2000_2020[[#This Row],[wat_bas_u]])/(B5-Estimates_of_the_use_of_water__2000_2020[[#This Row],[year]]) -> 0.043748432 | J4: =ABS(Estimates_of_the_use_of_water__2000_2020[[#This Row],[ARC_r]]-Estimates_of_the_use_of_water__2000_2020[[#This Row],[ARC_u]]) -> 0.64906826 | K4: 3.6263837 | L4: 2.979291 | M4: 0 | N4: 90.627275 | O4: 5.2631726 | P4: 4.1095527 | Q4: 0 | R4: 95.445067 | S4: 2.4133118 | T4: 2.1416212 | U4: 0
A5: Albania | B5: 2020 | C5: =IF(A6=Estimates_of_the_use_of_water__2000_2020[[#This Row],[name]], B6-Estimates_of_the_use_of_water__2000_2020[[#This Row],[year]],"") | D5: 2877.8 | E5: 62.112 | F5: 95.068039 | G5: =((F6-Estimates_of_the_use_of_water__2000_2020[[#This Row],[wat_bas_n]])/(B6-Estimates_of_the_use_of_water__2000_2020[[#This Row],[year]])) -> 0.33169546 | H5: =((N6-Estimates_of_the_use_of_water__2000_2020[[#This Row],[wat_bas_r]])/(B6-Estimates_of_the_use_of_water__2000_2020[[#This Row],[year]])) -> 1.1477302 | I5: =(R6-Estimates_of_the_use_of_water__2000_2020[[#This Row],[wat_bas_u]])/(B6-Estimates_of_the_use_of_water__2000_2020[[#This Row],[year]]) -> 0.034698884 | J5: =ABS(Estimates_of_the_use_of_water__2000_2020[[#This Row],[ARC_r]]-Estimates_of_the_use_of_water__2000_2020[[#This Row],[ARC_u]]) -> 1.1130314 | K5: 1.8846561 | L5: 3.0473051 | M5: 0 | N5: 94.091358 | O5: 2.305265 | P5: 3.603377 | Q5: 0 | R5: 95.663809 | S5: 1.6280868 | T5: 2.7081041 | U5: 0
A6: Algeria | B6: 2015 | C6: =IF(A7=Estimates_of_the_use_of_water__2000_2020[[#This Row],[name]], B7-Estimates_of_the_use_of_water__2000_2020[[#This Row],[year]],"") -> 5 | D6: 39728.02 | E6: 70.848 | F6: 93.409562 | G6: =((F7-Estimates_of_the_use_of_water__2000_2020[[#This Row],[wat_bas_n]])/(B7-Estimates_of_the_use_of_water__2000_2020[[#This Row],[year]])) -> 0.20555369 | H6: =((N7-Estimates_of_the_use_of_water__2000_2020[[#This Row],[wat_bas_r]])/(B7-Estimates_of_the_use_of_water__2000_2020[[#This Row],[year]])) -> 0.33696621 | I6: =(R7-Estimates_of_the_use_of_water__2000_2020[[#This Row],[wat_bas_u]])/(B7-Estimates_of_the_use_of_water__2000_2020[[#This Row],[year]]) -> 0.10288423 | J6: =ABS(Estimates_of_the_use_of_water__2000_2020[[#This Row],[ARC_r]]-Estimates_of_the_use_of_water__2000_2020[[#This Row],[ARC_u]]) -> 0.23408198 | K6: 5.1577809 | L6: 1.2754647 | M6: 0.15719289 | N6: 88.352707 | O6: 8.6857531 | P6: 2.5804318 | Q6: 0.38110822 | R6: 95.490315 | S6: 3.7061173 | T6: 0.73851009 | U6: 0.065057898
A7: Algeria | B7: 2020 | C7: =IF(A8=Estimates_of_the_use_of_water__2000_2020[[#This Row],[name]], B8-Estimates_of_the_use_of_water__2000_2020[[#This Row],[year]],"") | D7: 43851.043 | E7: 73.733002 | F7: 94.43733 | G7: =((F8-Estimates_of_the_use_of_water__2000_2020[[#This Row],[wat_bas_n]])/(B8-Estimates_of_the_use_of_water__2000_2020[[#This Row],[year]])) -> -1.0363546 | H7: =((N8-Estimates_of_the_use_of_water__2000_2020[[#This Row],[wat_bas_r]])/(B8-Estimates_of_the_use_of_water__2000_2020[[#This Row],[year]])) -> 18.007508 | I7: =(R8-Estimates_of_the_use_of_water__2000_2020[[#This Row],[wat_bas_u]])/(B8-Estimates_of_the_use_of_water__2000_2020[[#This Row],[year]]) -> 19.200947 | J7: =ABS(Estimates_of_the_use_of_water__2000_2020[[#This Row],[ARC_r]]-Estimates_of_the_use_of_water__2000_2020[[#This Row],[ARC_u]]) -> 1.1934396 | K7: 4.9858808 | L7: 0.53183666 | M7: 0.044952533 | N7: 90.037538 | O7: 8.7967221 | P7: 0.99460303 | Q7: 0.17113693 | R7: 96.004736 | S7: 3.6282886 | T7: 0.36697555 | U7: 0
A8: American Samoa | B8: 2015 | C8: =IF(A9=Estimates_of_the_use_of_water__2000_2020[[#This Row],[name]], B9-Estimates_of_the_use_of_water__2000_2020[[#This Row],[year]],"") -> 5 | D8: 55.806 | E8: 87.238007 | F8: 99.619103 | G8: =((F9-Estimates_of_the_use_of_water__2000_2020[[#This Row],[wat_bas_n]])/(B9-Estimates_of_the_use_of_water__2000_2020[[#This Row],[year]])) -> 0.030933702 | H8: =((N9-Estimates_of_the_use_of_water__2000_2020[[#This Row],[wat_bas_r]])/(B9-Estimates_of_the_use_of_water__2000_2020[[#This Row],[year]])) -> 0 | I8: =(R9-Estimates_of_the_use_of_water__2000_2020[[#This Row],[wat_bas_u]])/(B9-Estimates_of_the_use_of_water__2000_2020[[#This Row],[year]]) -> 0 | J8: =ABS(Estimates_of_the_use_of_water__2000_2020[[#This Row],[ARC_r]]-Estimates_of_the_use_of_water__2000_2020[[#This Row],[ARC_u]]) -> 0 | K8: 0 | L8: 0.38089685 | M8: 0
A9: American Samoa | B9: 2020 | C9: =IF(A10=Estimates_of_the_use_of_water__2000_2020[[#This Row],[name]], B10-Estimates_of_the_use_of_water__2000_2020[[#This Row],[year]],"") | D9: 55.196999 | E9: 87.153 | F9: 99.773772 | G9: =((F10-Estimates_of_the_use_of_water__2000_2020[[#This Row],[wat_bas_n]])/(B10-Estimates_of_the_use_of_water__2000_2020[[#This Row],[year]])) -> -0.045245178 | H9: =((N10-Estimates_of_the_use_of_water__2000_2020[[#This Row],[wat_bas_r]])/(B10-Estimates_of_the_use_of_water__2000_2020[[#This Row],[year]])) -> -20 | I9: =(R10-Estimates_of_the_use_of_water__2000_2020[[#This Row],[wat_bas_u]])/(B10-Estimates_of_the_use_of_water__2000_2020[[#This Row],[year]]) -> -20 | J9: =ABS(Estimates_of_the_use_of_water__2000_2020[[#This Row],[ARC_r]]-Estimates_of_the_use_of_water__2000_2020[[#This Row],[ARC_u]]) -> 0 | K9: 0 | L9: 0.22622834 | M9: 0
A10: Andorra | B10: 2015 | C10: =IF(A11=Estimates_of_the_use_of_water__2000_2020[[#This Row],[name]], B11-Estimates_of_the_use_of_water__2000_2020[[#This Row],[year]],"") -> 5 | D10: 77.992996 | E10: 88.344994 | F10: 99.999998 | G10: =((F11-Estimates_of_the_use_of_water__2000_2020[[#This Row],[wat_bas_n]])/(B11-Estimates_of_the_use_of_water__2000_2020[[#This Row],[year]])) -> 1.23e-06 | H10: =((N11-Estimates_of_the_use_of_water__2000_2020[[#This Row],[wat_bas_r]])/(B11-Estimates_of_the_use_of_water__2000_2020[[#This Row],[year]])) -> 0 | I10: =(R11-Estimates_of_the_use_of_water__2000_2020[[#This Row],[wat_bas_u]])/(B11-Estimates_of_the_use_of_water__2000_2020[[#This Row],[year]]) -> 0 | J10: =ABS(Estimates_of_the_use_of_water__2000_2020[[#This Row],[ARC_r]]-Estimates_of_the_use_of_water__2000_2020[[#This Row],[ARC_u]]) -> 0 | K10: 0 | L10: 2.4455384e-06 | M10: 0 | N10: 100 | O10: 0 | P10: 0 | Q10: 0 | R10: 100 | S10: 0 | T10: 0 | U10: 0
A11: Andorra | B11: 2020 | C11: =IF(A12=Estimates_of_the_use_of_water__2000_2020[[#This Row],[name]], B12-Estimates_of_the_use_of_water__2000_2020[[#This Row],[year]],"") | D11: 77.264999 | E11: 87.916 | F11: 100 | G11: =((F12-Estimates_of_the_use_of_water__2000_2020[[#This Row],[wat_bas_n]])/(B12-Estimates_of_the_use_of_water__2000_2020[[#This Row],[year]])) -> 9.1366151 | H11: =((N12-Estimates_of_the_use_of_water__2000_2020[[#This Row],[wat_bas_r]])/(B12-Estimates_of_the_use_of_water__2000_2020[[#This Row],[year]])) -> 14.657126 | I11: =(R12-Estimates_of_the_use_of_water__2000_2020[[#This Row],[wat_bas_u]])/(B12-Estimates_of_the_use_of_water__2000_2020[[#This Row],[year]]) -> 5.956007 | J11: =ABS(Estimates_of_the_use_of_water__2000_2020[[#This Row],[ARC_r]]-Estimates_of_the_use_of_water__2000_2020[[#This Row],[ARC_u]]) -> 8.7011191 | K11: 0 | L11: 0 | M11: 0 | N11: 100 | O11: 0 | P11: 0 | Q11: 0 | R11: 100 | S11: 0 | T11: 0 | U11: 0
A12: Angola | B12: 2015 | C12: =IF(A13=Estimates_of_the_use_of_water__2000_2020[[#This Row],[name]], B13-Estimates_of_the_use_of_water__2000_2020[[#This Row],[year]],"") -> 5 | D12: 27884.381 | E12: 63.445995 | F12: 54.316928 | G12: =((F13-Estimates_of_the_use_of_water__2000_2020[[#This Row],[wat_bas_n]])/(B13-Estimates_of_the_use_of_water__2000_2020[[#This Row],[year]])) -> 0.57016185 | H12: =((N13-Estimates_of_the_use_of_water__2000_2020[[#This Row],[wat_bas_r]])/(B13-Estimates_of_the_use_of_water__2000_2020[[#This Row],[year]])) -> 0.21877144 | I12: =(R13-Estimates_of_the_use_of_water__2000_2020[[#This Row],[wat_bas_u]])/(B13-Estimates_of_the_use_of_water__2000_2020[[#This Row],[year]]) -> 0.3046367 | J12: =ABS(Estimates_of_the_use_of_water__2000_2020[[#This Row],[ARC_r]]-Estimates_of_the_use_of_water__2000_2020[[#This Row],[ARC_u]]) -> 0.085865258 | K12: 11.368619 | L12: 17.372356 | M12: 16.942097 | N12: 26.714369 | O12: 9.9310693 | P12: 21.725308 | Q12: 41.629254 | R12: 70.219965 | S12: 12.196853 | T12: 14.864431 | U12: 2.7187499
A13: Angola | B13: 2020 | C13: =IF(A14=Estimates_of_the_use_of_water__2000_2020[[#This Row],[name]], B14-Estimates_of_the_use_of_water__2000_2020[[#This Row],[year]],"") | D13: 32866.27 | E13: 66.824997 | F13: 57.167738 | G13: =((F14-Estimates_of_the_use_of_water__2000_2020[[#This Row],[wat_bas_n]])/(B14-Estimates_of_the_use_of_water__2000_2020[[#This Row],[year]])) -> -8.0629073 | H13: =((N14-Estimates_of_the_use_of_water__2000_2020[[#This Row],[wat_bas_r]])/(B14-Estimates_of_the_use_of_water__2000_2020[[#This Row],[year]])) -> 5.5616453 | I13: =(R14-Estimates_of_the_use_of_water__2000_2020[[#This Row],[wat_bas_u]])/(B14-Estimates_of_the_use_of_water__2000_2020[[#This Row],[year]]) -> -5.1478251 | J13: =ABS(Estimates_of_the_use_of_water__2000_2020[[#This Row],[ARC_r]]-Estimates_of_the_use_of_water__2000_2020[[#This Row],[ARC_u]]) -> 10.70947 | K13: 9.2873499 | L13: 19.450825 | M13: 14.094087 | N13: 27.808227 | O13: 8.7404884 | P13: 22.933153 | Q13: 40.518132 | R13: 71.743149 | S13: 9.5588375 | T13: 17.722035 | U13: 0.97597916
A14: Anguilla | B14: 2015 | C14: =IF(A15=Estimates_of_the_use_of_water__2000_2020[[#This Row],[name]], B15-Estimates_of_the_use_of_water__2000_2020[[#This Row],[year]],"") -> 2 | D14: 14.279 | E14: 100 | F14: 97.482274 | G14: =((F15-Estimates_of_the_use_of_water__2000_2020[[#This Row],[wat_bas_n]])/(B15-Estimates_of_the_use_of_water__2000_2020[[#This Row],[year]])) -> 0 | H14: =((N15-Estimates_of_the_use_of_water__2000_2020[[#This Row],[wat_bas_r]])/(B15-Estimates_of_the_use_of_water__2000_2020[[#This Row],[year]])) -> 0 | I14: =(R15-Estimates_of_the_use_of_water__2000_2020[[#This Row],[wat_bas_u]])/(B15-Estimates_of_the_use_of_water__2000_2020[[#This Row],[year]]) -> 0 | J14: =ABS(Estimates_of_the_use_of_water__2000_2020[[#This Row],[ARC_r]]-Estimates_of_the_use_of_water__2000_2020[[#This Row],[ARC_u]]) -> 0 | K14: 0 | L14: 2.5177258 | M14: 0 | R14: 97.482274 | S14: 0 | T14: 2.5177258 | U14: 0
A15: Anguilla | B15: 2017 | C15: =IF(A16=Estimates_of_the_use_of_water__2000_2020[[#This Row],[name]], B16-Estimates_of_the_use_of_water__2000_2020[[#This Row],[year]],"") | D15: 14.588 | E15: 100 | F15: 97.482274 | G15: =((F16-Estimates_of_the_use_of_water__2000_2020[[#This Row],[wat_bas_n]])/(B16-Estimates_of_the_use_of_water__2000_2020[[#This Row],[year]])) -> 0.37154399 | H15: =((N16-Estimates_of_the_use_of_water__2000_2020[[#This Row],[wat_bas_r]])/(B16-Estimates_of_the_use_of_water__2000_2020[[#This Row],[year]])) -> 0 | I15: =(R16-Estimates_of_the_use_of_water__2000_2020[[#This Row],[wat_bas_u]])/(B16-Estimates_of_the_use_of_water__2000_2020[[#This Row],[year]]) -> 48.741137 | J15: =ABS(Estimates_of_the_use_of_water__2000_2020[[#This Row],[ARC_r]]-Estimates_of_the_use_of_water__2000_2020[[#This Row],[ARC_u]]) -> 48.741137 | K15: 0 | L15: 2.5177258 | M15: 0 | R15: 97.482274 | S15: 0 | T15: 2.5177258 | U15: 0
A16: Antigua and Barbuda | B16: 2015 | C16: =IF(A17=Estimates_of_the_use_of_water__2000_2020[[#This Row],[name]], B17-Estimates_of_the_use_of_water__2000_2020[[#This Row],[year]],"") -> 2 | D16: 93.570999 | E16: 25 | F16: 96.739186 | G16: =((F17-Estimates_of_the_use_of_water__2000_2020[[#This Row],[wat_bas_n]])/(B17-Estimates_of_the_use_of_water__2000_2020[[#This Row],[year]])) -> 0 | H16: =((N17-Estimates_of_the_use_of_water__2000_2020[[#This Row],[wat_bas_r]])/(B17-Estimates_of_the_use_of_water__2000_2020[[#This Row],[year]])) -> 0 | I16: =(R17-Estimates_of_the_use_of_water__2000_2020[[#This Row],[wat_bas_u]])/(B17-Estimates_of_the_use_of_water__2000_2020[[#This Row],[year]]) -> 0 | J16: =ABS(Estimates_of_the_use_of_water__2000_2020[[#This Row],[ARC_r]]-Estimates_of_the_use_of_water__2000_2020[[#This Row],[ARC_u]]) -> 0 | K16: 0 | L16: 3.1663476 | M16: 0.094466114
A17: Antigua and Barbuda | B17: 2017 | C17: =IF(A18=Estimates_of_the_use_of_water__2000_2020[[#This Row],[name]], B18-Estimates_of_the_use_of_water__2000_2020[[#This Row],[year]],"") | D17: 95.425003 | E17: 24.713001 | F17: 96.739186 | G17: =((F18-Estimates_of_the_use_of_water__2000_2020[[#This Row],[wat_bas_n]])/(B18-Estimates_of_the_use_of_water__2000_2020[[#This Row],[year]])) -> -1.1137009 | H17: =((N18-Estimates_of_the_use_of_water__2000_2020[[#This Row],[wat_bas_r]])/(B18-Estimates_of_the_use_of_water__2000_2020[[#This Row],[year]])) -> -46.49183 | I17: =(R18-Estimates_of_the_use_of_water__2000_2020[[#This Row],[wat_bas_u]])/(B18-Estimates_of_the_use_of_water__2000_2020[[#This Row],[year]]) -> -49.761082 | J17: =ABS(Estimates_of_the_use_of_water__2000_2020[[#This Row],[ARC_r]]-Estimates_of_the_use_of_water__2000_2020[[#This Row],[ARC_u]]) -> 3.2692515 | K17: 0 | L17: 3.1663476 | M17: 0.094466114
A18: Argentina | B18: 2015 | C18: =IF(A19=Estimates_of_the_use_of_water__2000_2020[[#This Row],[name]], B19-Estimates_of_the_use_of_water__2000_2020[[#This Row],[year]],"") -> 5 | D18: 43075.414 | E18: 91.502998 | F18: 98.966588 | G18: =((F19-Estimates_of_the_use_of_water__2000_2020[[#This Row],[wat_bas_n]])/(B19-Estimates_of_the_use_of_water__2000_2020[[#This Row],[year]])) -> -19.793318 | H18: =((N19-Estimates_of_the_use_of_water__2000_2020[[#This Row],[wat_bas_r]])/(B19-Estimates_of_the_use_of_water__2000_2020[[#This Row],[year]])) -> -18.596732 | I18: =(R19-Estimates_of_the_use_of_water__2000_2020[[#This Row],[wat_bas_u]])/(B19-Estimates_of_the_use_of_water__2000_2020[[#This Row],[year]]) -> 0.05365152 | J18: =ABS(Estimates_of_the_use_of_water__2000_2020[[#This Row],[ARC_r]]-Estimates_of_the_use_of_water__2000_2020[[#This Row],[ARC_u]]) -> 18.650384 | K18: 0 | L18: 0.66491438 | M18: 0.36849747 | N18: 92.98366 | O18: 0 | P18: 2.6795449 | Q18: 4.3367951 | R18: 99.522163 | S18: 0 | T18: 0.47783695 | U18: 0
A19: Argentina | B19: 2020 | C19: =IF(A20=Estimates_of_the_use_of_water__2000_2020[[#This Row],[name]], B20-Estimates_of_the_use_of_water__2000_2020[[#This Row],[year]],"") | D19: 45195.777 | E19: 92.111 | G19: =((F20-Estimates_of_the_use_of_water__2000_2020[[#This Row],[wat_bas_n]])/(B20-Estimates_of_the_use_of_water__2000_2020[[#This Row],[year]])) -> -19.910513 | H19: =((N20-Estimates_of_the_use_of_water__2000_2020[[#This Row],[wat_bas_r]])/(B20-Estimates_of_the_use_of_water__2000_2020[[#This Row],[year]])) -> -19.810956 | I19: =(R20-Estimates_of_the_use_of_water__2000_2020[[#This Row],[wat_bas_u]])/(B20-Estimates_of_the_use_of_water__2000_2020[[#This Row],[year]]) -> -0.01068655 | J19: =ABS(Estimates_of_the_use_of_water__2000_2020[[#This Row],[ARC_r]]-Estimates_of_the_use_of_water__2000_2020[[#This Row],[ARC_u]]) -> 19.800269 | R19: 99.790421 | S19: 0 | T19: 0.20957935 | U19: 0
A20: Armenia | B20: 2015 | C20: =IF(A21=Estimates_of_the_use_of_water__2000_2020[[#This Row],[name]], B21-Estimates_of_the_use_of_water__2000_2020[[#This Row],[year]],"") -> 5 | D20: 2925.5591 | E20: 63.085003 | F20: 99.552567 | G20: =((F21-Estimates_of_the_use_of_water__2000_2020[[#This Row],[wat_bas_n]])/(B21-Estimates_of_the_use_of_water__2000_2020[[#This Row],[year]])) -> 0.083722798 | H20: =((N21-Estimates_of_the_use_of_water__2000_2020[[#This Row],[wat_bas_r]])/(B21-Estimates_of_the_use_of_water__2000_2020[[#This Row],[year]])) -> 0.18904415 | I20: =(R21-Estimates_of_the_use_of_water__2000_2020[[#This Row],[wat_bas_u]])/(B21-Estimates_of_the_use_of_water__2000_2020[[#This Row],[year]]) -> 0.022125564 | J20: =ABS(Estimates_of_the_use_of_water__2000_2020[[#This Row],[ARC_r]]-Estimates_of_the_use_of_water__2000_2020[[#This Row],[ARC_u]]) -> 0.16691858 | K20: 0 | L20: 0.098505084 | M20: 0.34892822 | N20: 99.054779 | O20: 0 | P20: 0 | Q20: 0.94522073 | R20: 99.843853 | S20: 0 | T20: 0.1561466 | U20: 0
A21: Armenia | B21: 2020 | C21: =IF(A22=Estimates_of_the_use_of_water__2000_2020[[#This Row],[name]], B22-Estimates_of_the_use_of_water__2000_2020[[#This Row],[year]],"") | D21: 2963.2339 | E21: 63.313 | F21: 99.971181 | G21: =((F22-Estimates_of_the_use_of_water__2000_2020[[#This Row],[wat_bas_n]])/(B22-Estimates_of_the_use_of_water__2000_2020[[#This Row],[year]])) -> 0.42043146 | H21: =((N22-Estimates_of_the_use_of_water__2000_2020[[#This Row],[wat_bas_r]])/(B22-Estimates_of_the_use_of_water__2000_2020[[#This Row],[year]])) -> 20 | I21: =(R22-Estimates_of_the_use_of_water__2000_2020[[#This Row],[wat_bas_u]])/(B22-Estimates_of_the_use_of_water__2000_2020[[#This Row],[year]]) -> 19.990896 | J21: =ABS(Estimates_of_the_use_of_water__2000_2020[[#This Row],[ARC_r]]-Estimates_of_the_use_of_water__2000_2020[[#This Row],[ARC_u]]) -> 0.009103756 | K21: 0 | L21: 0.028819308 | M21: 0 | N21: 100 | O21: 0 | P21: 0 | Q21: 0 | R21: 99.954481 | S21: 0 | T21: 0.045518784 | U21: 0
A22: Aruba | B22: 2015 | C22: =IF(A23=Estimates_of_the_use_of_water__2000_2020[[#This Row],[name]], B23-Estimates_of_the_use_of_water__2000_2020[[#This Row],[year]],"") -> 1 | D22: 104.339 | E22: 43.108002 | F22: 97.869023 | G22: =((F23-Estimates_of_the_use_of_water__2000_2020[[#This Row],[wat_bas_n]])/(B23-Estimates_of_the_use_of_water__2000_2020[[#This Row],[year]])) -> 0 | H22: =((N23-Estimates_of_the_use_of_water__2000_2020[[#This Row],[wat_bas_r]])/(B23-Estimates_of_the_use_of_water__2000_2020[[#This Row],[year]])) -> 0 | I22: =(R23-Estimates_of_the_use_of_water__2000_2020[[#This Row],[wat_bas_u]])/(B23-Estimates_of_the_use_of_water__2000_2020[[#This Row],[year]]) -> 0 | J22: =ABS(Estimates_of_the_use_of_water__2000_2020[[#This Row],[ARC_r]]-Estimates_of_the_use_of_water__2000_2020[[#This Row],[ARC_u]]) -> 0 | K22: 0 | L22: 1.9599362 | M22: 0.17104041
A23: Aruba | B23: 2016 | C23: =IF(A24=Estimates_of_the_use_of_water__2000_2020[[#This Row],[name]], B24-Estimates_of_the_use_of_water__2000_2020[[#This Row],[year]],"") | D23: 104.865 | E23: 43.191998 | F23: 97.869023 | G23: =((F24-Estimates_of_the_use_of_water__2000_2020[[#This Row],[wat_bas_n]])/(B24-Estimates_of_the_use_of_water__2000_2020[[#This Row],[year]])) -> -2.1009823 | H23: =((N24-Estimates_of_the_use_of_water__2000_2020[[#This Row],[wat_bas_r]])/(B24-Estimates_of_the_use_of_water__2000_2020[[#This Row],[year]])) -> -100 | I23: =(R24-Estimates_of_the_use_of_water__2000_2020[[#This Row],[wat_bas_u]])/(B24-Estimates_of_the_use_of_water__2000_2020[[#This Row],[year]]) -> -99.965 | J23: =ABS(Estimates_of_the_use_of_water__2000_2020[[#This Row],[ARC_r]]-Estimates_of_the_use_of_water__2000_2020[[#This Row],[ARC_u]]) -> 0.035 | K23: 0 | L23: 1.9599362 | M23: 0.17104041
A24: Australia | B24: 2015 | C24: =IF(A25=Estimates_of_the_use_of_water__2000_2020[[#This Row],[name]], B25-Estimates_of_the_use_of_water__2000_2020[[#This Row],[year]],"") -> 5 | D24: 23932.498 | E24: 85.701004 | F24: 99.970006 | G24: =((F25-Estimates_of_the_use_of_water__2000_2020[[#This Row],[wat_bas_n]])/(B25-Estimates_of_the_use_of_water__2000_2020[[#This Row],[year]])) -> -3.877e-05 | H24: =((N25-Estimates_of_the_use_of_water__2000_2020[[#This Row],[wat_bas_r]])/(B25-Estimates_of_the_use_of_water__2000_2020[[#This Row],[year]])) -> 0 | I24: =(R25-Estimates_of_the_use_of_water__2000_2020[[#This Row],[wat_bas_u]])/(B25-Estimates_of_the_use_of_water__2000_2020[[#This Row],[year]]) -> 0 | J24: =ABS(Estimates_of_the_use_of_water__2000_2020[[#This Row],[ARC_r]]-Estimates_of_the_use_of_water__2000_2020[[#This Row],[ARC_u]]) -> 0 | K24: 0 | L24: 0.029994331 | M24: 0 | N24: 100 | O24: 0 | P24: 0 | Q24: 0 | R24: 99.965 | S24: 0 | T24: 0.035 | U24: 0
A25: Australia | B25: 2020 | C25: =IF(A26=Estimates_of_the_use_of_water__2000_2020[[#This Row],[name]], B26-Estimates_of_the_use_of_water__2000_2020[[#This Row],[year]],"") | D25: 25499.881 | E25: 86.240997 | F25: 99.969812 | G25: =((F26-Estimates_of_the_use_of_water__2000_2020[[#This Row],[wat_bas_n]])/(B26-Estimates_of_the_use_of_water__2000_2020[[#This Row],[year]])) -> -0.006037636 | H25: =((N26-Estimates_of_the_use_of_water__2000_2020[[#This Row],[wat_bas_r]])/(B26-Estimates_of_the_use_of_water__2000_2020[[#This Row],[year]])) -> 0 | I25: =(R26-Estimates_of_the_use_of_water__2000_2020[[#This Row],[wat_bas_u]])/(B26-Estimates_of_the_use_of_water__2000_2020[[#This Row],[year]]) -> -0.007 | J25: =ABS(Estimates_of_the_use_of_water__2000_2020[[#This Row],[ARC_r]]-Estimates_of_the_use_of_water__2000_2020[[#This Row],[ARC_u]]) -> 0.007 | K25: 0 | L25: 0.030188179 | M25: 0 | N25: 100 | O25: 0 | P25: 0 | Q25: 0 | R25: 99.965 | S25: 0 | T25: 0.035 | U25: 0
A26: Austria | B26: 2015 | C26: =IF(A27=Estimates_of_the_use_of_water__2000_2020[[#This Row],[name]], B27-Estimates_of_the_use_of_water__2000_2020[[#This Row],[year]],"") -> 5 | D26: 8678.667 | E26: 57.715 | F26: 100 | G26: =((F27-Estimates_of_the_use_of_water__2000_2020[[#This Row],[wat_bas_n]])/(B27-Estimates_of_the_use_of_water__2000_2020[[#This Row],[year]])) -> 0 | H26: =((N27-Estimates_of_the_use_of_water__2000_2020[[#This Row],[wat_bas_r]])/(B27-Estimates_of_the_use_of_water__2000_2020[[#This Row],[year]])) -> 0 | I26: =(R27-Estimates_of_the_use_of_water__2000_2020[[#This Row],[wat_bas_u]])/(B27-Estimates_of_the_use_of_water__2000_2020[[#This Row],[year]]) -> 0 | J26: =ABS(Estimates_of_the_use_of_water__2000_2020[[#This Row],[ARC_r]]-Estimates_of_the_use_of_water__2000_2020[[#This Row],[ARC_u]]) -> 0 | K26: 0 | L26: 0 | M26: 0 | N26: 100 | O26: 0 | P26: 0 | Q26: 0 | R26: 100 | S26: 0 | T26: 0 | U26: 0
A27: Austria | B27: 2020 | C27: =IF(A28=Estimates_of_the_use_of_water__2000_2020[[#This Row],[name]], B28-Estimates_of_the_use_of_water__2000_2020[[#This Row],[year]],"") | D27: 9006.4004 | E27: 58.748001 | F27: 100 | G27: =((F28-Estimates_of_the_use_of_water__2000_2020[[#This Row],[wat_bas_n]])/(B28-Estimates_of_the_use_of_water__2000_2020[[#This Row],[year]])) -> 1.5159372 | H27: =((N28-Estimates_of_the_use_of_water__2000_2020[[#This Row],[wat_bas_r]])/(B28-Estimates_of_the_use_of_water__2000_2020[[#This Row],[year]])) -> 3.1713573 | I27: =(R28-Estimates_of_the_use_of_water__2000_2020[[#This Row],[wat_bas_u]])/(B28-Estimates_of_the_use_of_water__2000_2020[[#This Row],[year]]) -> 0.14576959 | J27: =ABS(Estimates_of_the_use_of_water__2000_2020[[#This Row],[ARC_r]]-Estimates_of_the_use_of_water__2000_2020[[#This Row],[ARC_u]]) -> 3.0255878 | K27: 0 | L27: 0 | M27: 0 | N27: 100 | O27: 0 | P27: 0 | Q27: 0 | R27: 100 | S27: 0 | T27: 0 | U27: 0
A28: Azerbaijan | B28: 2015 | C28: =IF(A29=Estimates_of_the_use_of_water__2000_2020[[#This Row],[name]], B29-Estimates_of_the_use_of_water__2000_2020[[#This Row],[year]],"") -> 5 | D28: 9622.7412 | E28: 54.714001 | F28: 92.420314 | G28: =((F29-Estimates_of_the_use_of_water__2000_2020[[#This Row],[wat_bas_n]])/(B29-Estimates_of_the_use_of_water__2000_2020[[#This Row],[year]])) -> 0.72461243 | H28: =((N29-Estimates_of_the_use_of_water__2000_2020[[#This Row],[wat_bas_r]])/(B29-Estimates_of_the_use_of_water__2000_2020[[#This Row],[year]])) -> 1.3565169 | I28: =(R29-Estimates_of_the_use_of_water__2000_2020[[#This Row],[wat_bas_u]])/(B29-Estimates_of_the_use_of_water__2000_2020[[#This Row],[year]]) -> 0.14576959 | J28: =ABS(Estimates_of_the_use_of_water__2000_2020[[#This Row],[ARC_r]]-Estimates_of_the_use_of_water__2000_2020[[#This Row],[ARC_u]]) -> 1.2107473 | K28: 1.0022424 | L28: 4.3650895 | M28: 2.2123541 | N28: 84.143213 | O28: 2.2131397 | P28: 8.988206 | Q28: 4.655441 | R28: 99.271152 | S28: 0 | T28: 0.53860203 | U28: 0.19024593
A29: Azerbaijan | B29: 2020 | C29: =IF(A30=Estimates_of_the_use_of_water__2000_2020[[#This Row],[name]], B30-Estimates_of_the_use_of_water__2000_2020[[#This Row],[year]],"") | D29: 10139.175 | E29: 56.397003 | F29: 96.043376 | G29: =((F30-Estimates_of_the_use_of_water__2000_2020[[#This Row],[wat_bas_n]])/(B30-Estimates_of_the_use_of_water__2000_2020[[#This Row],[year]])) -> -0.56871687 | H29: =((N30-Estimates_of_the_use_of_water__2000_2020[[#This Row],[wat_bas_r]])/(B30-Estimates_of_the_use_of_water__2000_2020[[#This Row],[year]])) -> 18.18516 | I29: =(R30-Estimates_of_the_use_of_water__2000_2020[[#This Row],[wat_bas_u]])/(B30-Estimates_of_the_use_of_water__2000_2020[[#This Row],[year]]) -> 20 | J29: =ABS(Estimates_of_the_use_of_water__2000_2020[[#This Row],[ARC_r]]-Estimates_of_the_use_of_water__2000_2020[[#This Row],[ARC_u]]) -> 1.8148404 | K29: 1.0427812 | L29: 2.9138427 | M29: 0 | N29: 90.925798 | O29: 2.3915357 | P29: 6.6826664 | Q29: 0 | R29: 100 | S29: 0 | T29: 0 | U29: 0
A30: Bahamas | B30: 2015 | C30: =IF(A31=Estimates_of_the_use_of_water__2000_2020[[#This Row],[name]], B31-Estimates_of_the_use_of_water__2000_2020[[#This Row],[year]],"") -> 4 | D30: 374.20001 | E30: 82.745995 | F30: 98.886961 | G30: =((F31-Estimates_of_the_use_of_water__2000_2020[[#This Row],[wat_bas_n]])/(B31-Estimates_of_the_use_of_water__2000_2020[[#This Row],[year]])) -> 0 | H30: =((N31-Estimates_of_the_use_of_water__2000_2020[[#This Row],[wat_bas_r]])/(B31-Estimates_of_the_use_of_water__2000_2020[[#This Row],[year]])) -> 0 | I30: =(R31-Estimates_of_the_use_of_water__2000_2020[[#This Row],[wat_bas_u]])/(B31-Estimates_of_the_use_of_water__2000_2020[[#This Row],[year]]) -> 0 | J30: =ABS(Estimates_of_the_use_of_water__2000_2020[[#This Row],[ARC_r]]-Estimates_of_the_use_of_water__2000_2020[[#This Row],[ARC_u]]) -> 0 | K30: 0 | L30: 1.1130395 | M30: 0
A31: Bahamas | B31: 2019 | C31: =IF(A32=Estimates_of_the_use_of_water__2000_2020[[#This Row],[name]], B32-Estimates_of_the_use_of_water__2000_2020[[#This Row],[year]],"") | D31: 389.48599 | E31: 83.131996 | F31: 98.886961 | G31: =((F32-Estimates_of_the_use_of_water__2000_2020[[#This Row],[wat_bas_n]])/(B32-Estimates_of_the_use_of_water__2000_2020[[#This Row],[year]])) -> -0.27825987 | H31: =((N32-Estimates_of_the_use_of_water__2000_2020[[#This Row],[wat_bas_r]])/(B32-Estimates_of_the_use_of_water__2000_2020[[#This Row],[year]])) -> 0 | I31: =(R32-Estimates_of_the_use_of_water__2000_2020[[#This Row],[wat_bas_u]])/(B32-Estimates_of_the_use_of_water__2000_2020[[#This Row],[year]]) -> 0 | J31: =ABS(Estimates_of_the_use_of_water__2000_2020[[#This Row],[ARC_r]]-Estimates_of_the_use_of_water__2000_2020[[#This Row],[ARC_u]]) -> 0 | K31: 0 | L31: 1.1130395 | M31: 0
A32: Bahrain | B32: 2015 | C32: =IF(A33=Estimates_of_the_use_of_water__2000_2020[[#This Row],[name]], B33-Estimates_of_the_use_of_water__2000_2020[[#This Row],[year]],"") -> 5 | D32: 1371.853 | E32: 88.998993 | F32: 100 | G32: =((F33-Estimates_of_the_use_of_water__2000_2020[[#This Row],[wat_bas_n]])/(B33-Estimates_of_the_use_of_water__2000_2020[[#This Row],[year]])) -> 0 | H32: =((N33-Estimates_of_the_use_of_water__2000_2020[[#This Row],[wat_bas_r]])/(B33-Estimates_of_the_use_of_water__2000_2020[[#This Row],[year]])) -> 0 | I32: =(R33-Estimates_of_the_use_of_water__2000_2020[[#This Row],[wat_bas_u]])/(B33-Estimates_of_the_use_of_water__2000_2020[[#This Row],[year]]) -> 0 | J32: =ABS(Estimates_of_the_use_of_water__2000_2020[[#This Row],[ARC_r]]-Estimates_of_the_use_of_water__2000_2020[[#This Row],[ARC_u]]) -> 0 | K32: 0 | L32: 0 | M32: 0
A33: Bahrain | B33: 2020 | C33: =IF(A34=Estimates_of_the_use_of_water__2000_2020[[#This Row],[name]], B34-Estimates_of_the_use_of_water__2000_2020[[#This Row],[year]],"") | D33: 1701.583 | E33: 89.506004 | F33: 100 | G33: =((F34-Estimates_of_the_use_of_water__2000_2020[[#This Row],[wat_bas_n]])/(B34-Estimates_of_the_use_of_water__2000_2020[[#This Row],[year]])) -> 0.57967951 | H33: =((N34-Estimates_of_the_use_of_water__2000_2020[[#This Row],[wat_bas_r]])/(B34-Estimates_of_the_use_of_water__2000_2020[[#This Row],[year]])) -> -19.354602 | I33: =(R34-Estimates_of_the_use_of_water__2000_2020[[#This Row],[wat_bas_u]])/(B34-Estimates_of_the_use_of_water__2000_2020[[#This Row],[year]]) -> -19.546156 | J33: =ABS(Estimates_of_the_use_of_water__2000_2020[[#This Row],[ARC_r]]-Estimates_of_the_use_of_water__2000_2020[[#This Row],[ARC_u]]) -> 0.19155368 | K33: 0 | L33: 0 | M33: 0
A34: Bangladesh | B34: 2015 | C34: =IF(A35=Estimates_of_the_use_of_water__2000_2020[[#This Row],[name]], B35-Estimates_of_the_use_of_water__2000_2020[[#This Row],[year]],"") -> 5 | D34: 156256.28 | E34: 34.308002 | F34: 97.101602 | G34: =((F35-Estimates_of_the_use_of_water__2000_2020[[#This Row],[wat_bas_n]])/(B35-Estimates_of_the_use_of_water__2000_2020[[#This Row],[year]])) -> 0.11927156 | H34: =((N35-Estimates_of_the_use_of_water__2000_2020[[#This Row],[wat_bas_r]])/(B35-Estimates_of_the_use_of_water__2000_2020[[#This Row],[year]])) -> 0.2214453 | I34: =(R35-Estimates_of_the_use_of_water__2000_2020[[#This Row],[wat_bas_u]])/(B35-Estimates_of_the_use_of_water__2000_2020[[#This Row],[year]]) -> -0.065600342 | J34: =ABS(Estimates_of_the_use_of_water__2000_2020[[#This Row],[ARC_r]]-Estimates_of_the_use_of_water__2000_2020[[#This Row],[ARC_u]]) -> 0.28704564 | K34: 1.087989 | L34: 0.72156166 | M34: 1.0888469 | N34: 96.773011 | O34: 1.0462142 | P34: 0.73174732 | Q34: 1.4490272 | R34: 97.73078 | S34: 1.1679782 | T34: 0.70205843 | U34: 0.39918371
A35: Bangladesh | B35: 2020 | C35: =IF(A36=Estimates_of_the_use_of_water__2000_2020[[#This Row],[name]], B36-Estimates_of_the_use_of_water__2000_2020[[#This Row],[year]],"") | D35: 164689.39 | E35: 38.177002 | F35: 97.69796 | G35: =((F36-Estimates_of_the_use_of_water__2000_2020[[#This Row],[wat_bas_n]])/(B36-Estimates_of_the_use_of_water__2000_2020[[#This Row],[year]])) -> -0.1552969 | H35: =((N36-Estimates_of_the_use_of_water__2000_2020[[#This Row],[wat_bas_r]])/(B36-Estimates_of_the_use_of_water__2000_2020[[#This Row],[year]])) -> 19.576048 | I35: =(R36-Estimates_of_the_use_of_water__2000_2020[[#This Row],[wat_bas_u]])/(B36-Estimates_of_the_use_of_water__2000_2020[[#This Row],[year]]) -> 19.480556 | J35: =ABS(Estimates_of_the_use_of_water__2000_2020[[#This Row],[ARC_r]]-Estimates_of_the_use_of_water__2000_2020[[#This Row],[ARC_u]]) -> 0.095491958 | K35: 1.1564259 | L35: 0.4626557 | M35: 0.68295817 | N35: 97.880238 | O35: 0.85810498 | P35: 0.31648024 | Q35: 0.94517702 | R35: 97.402778 | S35: 1.6395201 | T35: 0.69937521 | U35: 0.25832669
A36: Barbados | B36: 2015 | C36: =IF(A37=Estimates_of_the_use_of_water__2000_2020[[#This Row],[name]], B37-Estimates_of_the_use_of_water__2000_2020[[#This Row],[year]],"") -> 5 | D36: 285.327 | E36: 31.248999 | F36: 98.474445 | G36: =((F37-Estimates_of_the_use_of_water__2000_2020[[#This Row],[wat_bas_n]])/(B37-Estimates_of_the_use_of_water__2000_2020[[#This Row],[year]])) -> 0.008001136 | H36: =((N37-Estimates_of_the_use_of_water__2000_2020[[#This Row],[wat_bas_r]])/(B37-Estimates_of_the_use_of_water__2000_2020[[#This Row],[year]])) -> 0 | I36: =(R37-Estimates_of_the_use_of_water__2000_2020[[#This Row],[wat_bas_u]])/(B37-Estimates_of_the_use_of_water__2000_2020[[#This Row],[year]]) -> 0 | J36: =ABS(Estimates_of_the_use_of_water__2000_2020[[#This Row],[ARC_r]]-Estimates_of_the_use_of_water__2000_2020[[#This Row],[ARC_u]]) -> 0 | K36: 0.26749191 | L36: 1.2580634 | M36: 0
A37: Barbados | B37: 2020 | C37: =IF(A38=Estimates_of_the_use_of_water__2000_2020[[#This Row],[name]], B38-Estimates_of_the_use_of_water__2000_2020[[#This Row],[year]],"") | D37: 287.371 | E37: 31.191 | F37: 98.51445 | G37: =((F38-Estimates_of_the_use_of_water__2000_2020[[#This Row],[wat_bas_n]])/(B38-Estimates_of_the_use_of_water__2000_2020[[#This Row],[year]])) -> 0.40747667 | H37: =((N38-Estimates_of_the_use_of_water__2000_2020[[#This Row],[wat_bas_r]])/(B38-Estimates_of_the_use_of_water__2000_2020[[#This Row],[year]])) -> -19.666134 | I37: =(R38-Estimates_of_the_use_of_water__2000_2020[[#This Row],[wat_bas_u]])/(B38-Estimates_of_the_use_of_water__2000_2020[[#This Row],[year]]) -> -19.185807 | J37: =ABS(Estimates_of_the_use_of_water__2000_2020[[#This Row],[ARC_r]]-Estimates_of_the_use_of_water__2000_2020[[#This Row],[ARC_u]]) -> 0.48032728 | K37: 0.26760058 | L37: 1.217949 | M37: 0
A38: Belarus | B38: 2015 | C38: =IF(A39=Estimates_of_the_use_of_water__2000_2020[[#This Row],[name]], B39-Estimates_of_the_use_of_water__2000_2020[[#This Row],[year]],"") -> 5 | D38: 9439.4238 | E38: 77.181 | F38: 96.477067 | G38: =((F39-Estimates_of_the_use_of_water__2000_2020[[#This Row],[wat_bas_n]])/(B39-Estimates_of_the_use_of_water__2000_2020[[#This Row],[year]])) -> 0.011531798 | H38: =((N39-Estimates_of_the_use_of_water__2000_2020[[#This Row],[wat_bas_r]])/(B39-Estimates_of_the_use_of_water__2000_2020[[#This Row],[year]])) -> 0.046690142 | I38: =(R39-Estimates_of_the_use_of_water__2000_2020[[#This Row],[wat_bas_u]])/(B39-Estimates_of_the_use_of_water__2000_2020[[#This Row],[year]]) -> 0.016367688 | J38: =ABS(Estimates_of_the_use_of_water__2000_2020[[#This Row],[ARC_r]]-Estimates_of_the_use_of_water__2000_2020[[#This Row],[ARC_u]]) -> 0.030322454 | K38: 3.3001301 | L38: 0.2228028 | M38: 0 | N38: 98.330672 | O38: 0.99323911 | P38: 0.67608929 | Q38: 0 | R38: 95.929035 | S38: 3.9821754 | T38: 0.088789424 | U38: 0
A39: Belarus | B39: 2020 | C39: =IF(A40=Estimates_of_the_use_of_water__2000_2020[[#This Row],[name]], B40-Estimates_of_the_use_of_water__2000_2020[[#This Row],[year]],"") | D39: 9449.3213 | E39: 79.483002 | F39: 96.534726 | G39: =((F40-Estimates_of_the_use_of_water__2000_2020[[#This Row],[wat_bas_n]])/(B40-Estimates_of_the_use_of_water__2000_2020[[#This Row],[year]])) -> -0.69305432 | H39: =((N40-Estimates_of_the_use_of_water__2000_2020[[#This Row],[wat_bas_r]])/(B40-Estimates_of_the_use_of_water__2000_2020[[#This Row],[year]])) -> -0.28717554 | I39: =(R40-Estimates_of_the_use_of_water__2000_2020[[#This Row],[wat_bas_u]])/(B40-Estimates_of_the_use_of_water__2000_2020[[#This Row],[year]]) -> -0.79782528 | J39: =ABS(Estimates_of_the_use_of_water__2000_2020[[#This Row],[ARC_r]]-Estimates_of_the_use_of_water__2000_2020[[#This Row],[ARC_u]]) -> 0.51064974 | K39: 3.3721195 | L39: 0.093154368 | M39: 0 | N39: 98.564122 | O39: 0.9955972 | P39: 0.44028049 | Q39: 0 | R39: 96.010874 | S39: 3.9855726 | T39: 0.003553732 | U39: 0
A40: Belgium | B40: 2015 | C40: =IF(A41=Estimates_of_the_use_of_water__2000_2020[[#This Row],[name]], B41-Estimates_of_the_use_of_water__2000_2020[[#This Row],[year]],"") -> 5 | D40: 11287.931 | E40: 97.875999 | F40: 99.999998 | G40: =((F41-Estimates_of_the_use_of_water__2000_2020[[#This Row],[wat_bas_n]])/(B41-Estimates_of_the_use_of_water__2000_2020[[#This Row],[year]])) -> -2.5e-07 | H40: =((N41-Estimates_of_the_use_of_water__2000_2020[[#This Row],[wat_bas_r]])/(B41-Estimates_of_the_use_of_water__2000_2020[[#This Row],[year]])) -> 0 | I40: =(R41-Estimates_of_the_use_of_water__2000_2020[[#This Row],[wat_bas_u]])/(B41-Estimates_of_the_use_of_water__2000_2020[[#This Row],[year]]) -> 0 | J40: =ABS(Estimates_of_the_use_of_water__2000_2020[[#This Row],[ARC_r]]-Estimates_of_the_use_of_water__2000_2020[[#This Row],[ARC_u]]) -> 0 | K40: 0 | L40: 2.2980245e-06 | M40: 0 | N40: 100 | O40: 0 | P40: 0 | Q40: 0 | R40: 100 | S40: 0 | T40: 0 | U40: 0
A41: Belgium | B41: 2020 | C41: =IF(A42=Estimates_of_the_use_of_water__2000_2020[[#This Row],[name]], B42-Estimates_of_the_use_of_water__2000_2020[[#This Row],[year]],"") | D41: 11589.616 | E41: 98.078995 | F41: 99.999996 | G41: =((F42-Estimates_of_the_use_of_water__2000_2020[[#This Row],[wat_bas_n]])/(B42-Estimates_of_the_use_of_water__2000_2020[[#This Row],[year]])) -> 0.56488029 | H41: =((N42-Estimates_of_the_use_of_water__2000_2020[[#This Row],[wat_bas_r]])/(B42-Estimates_of_the_use_of_water__2000_2020[[#This Row],[year]])) -> 0.86923359 | I41: =(R42-Estimates_of_the_use_of_water__2000_2020[[#This Row],[wat_bas_u]])/(B42-Estimates_of_the_use_of_water__2000_2020[[#This Row],[year]]) -> 0.198942 | J41: =ABS(Estimates_of_the_use_of_water__2000_2020[[#This Row],[ARC_r]]-Estimates_of_the_use_of_water__2000_2020[[#This Row],[ARC_u]]) -> 0.67029159 | K41: 0 | L41: 3.5547968e-06 | M41: 0 | N41: 100 | O41: 0 | P41: 0 | Q41: 0 | R41: 100 | S41: 0 | T41: 0 | U41: 0
A42: Belize | B42: 2015 | C42: =IF(A43=Estimates_of_the_use_of_water__2000_2020[[#This Row],[name]], B43-Estimates_of_the_use_of_water__2000_2020[[#This Row],[year]],"") -> 5 | D42: 360.92599 | E42: 45.405998 | F42: 97.175595 | G42: =((F43-Estimates_of_the_use_of_water__2000_2020[[#This Row],[wat_bas_n]])/(B43-Estimates_of_the_use_of_water__2000_2020[[#This Row],[year]])) -> 0.24527193 | H42: =((N43-Estimates_of_the_use_of_water__2000_2020[[#This Row],[wat_bas_r]])/(B43-Estimates_of_the_use_of_water__2000_2020[[#This Row],[year]])) -> 0.4682751 | I42: =(R43-Estimates_of_the_use_of_water__2000_2020[[#This Row],[wat_bas_u]])/(B43-Estimates_of_the_use_of_water__2000_2020[[#This Row],[year]]) -> -0.025266 | J42: =ABS(Estimates_of_the_use_of_water__2000_2020[[#This Row],[ARC_r]]-Estimates_of_the_use_of_water__2000_2020[[#This Row],[ARC_u]]) -> 0.4935411 | K42: 1.2279405 | L42: 1.5682225 | M42: 0.028241988 | N42: 95.653832 | O42: 1.421919 | P42: 2.872518 | Q42: 0.051730936 | R42: 99.00529 | S42: 0.99471 | T42: 0 | U42: 0
A43: Belize | B43: 2020 | C43: =IF(A44=Estimates_of_the_use_of_water__2000_2020[[#This Row],[name]], B44-Estimates_of_the_use_of_water__2000_2020[[#This Row],[year]],"") | D43: 397.621 | E43: 46.025002 | F43: 98.401955 | G43: =((F44-Estimates_of_the_use_of_water__2000_2020[[#This Row],[wat_bas_n]])/(B44-Estimates_of_the_use_of_water__2000_2020[[#This Row],[year]])) -> 6.7230265 | H43: =((N44-Estimates_of_the_use_of_water__2000_2020[[#This Row],[wat_bas_r]])/(B44-Estimates_of_the_use_of_water__2000_2020[[#This Row],[year]])) -> 8.242171 | I43: =(R44-Estimates_of_the_use_of_water__2000_2020[[#This Row],[wat_bas_u]])/(B44-Estimates_of_the_use_of_water__2000_2020[[#This Row],[year]]) -> 4.9163635 | J43: =ABS(Estimates_of_the_use_of_water__2000_2020[[#This Row],[ARC_r]]-Estimates_of_the_use_of_water__2000_2020[[#This Row],[ARC_u]]) -> 3.3258075 | K43: 1.2491106 | L43: 0.34893474 | M43: 0 | N43: 97.995208 | O43: 1.3583177 | P43: 0.64647474 | Q43: 0 | R43: 98.87896 | S43: 1.12104 | T43: 0 | U43: 0
A44: Benin | B44: 2015 | C44: =IF(A45=Estimates_of_the_use_of_water__2000_2020[[#This Row],[name]], B45-Estimates_of_the_use_of_water__2000_2020[[#This Row],[year]],"") -> 5 | D44: 10575.962 | E44: 45.695004 | F44: 64.786822 | G44: =((F45-Estimates_of_the_use_of_water__2000_2020[[#This Row],[wat_bas_n]])/(B45-Estimates_of_the_use_of_water__2000_2020[[#This Row],[year]])) -> 0.12546014 | H44: =((N45-Estimates_of_the_use_of_water__2000_2020[[#This Row],[wat_bas_r]])/(B45-Estimates_of_the_use_of_water__2000_2020[[#This Row],[year]])) -> 0.2535831 | I44: =(R45-Estimates_of_the_use_of_water__2000_2020[[#This Row],[wat_bas_u]])/(B45-Estimates_of_the_use_of_water__2000_2020[[#This Row],[year]]) -> -0.2078285 | J44: =ABS(Estimates_of_the_use_of_water__2000_2020[[#This Row],[ARC_r]]-Estimates_of_the_use_of_water__2000_2020[[#This Row],[ARC_u]]) -> 0.46141161 | K44: 8.7154707 | L44: 21.298464 | M44: 5.1992427 | N44: 56.784352 | O44: 11.703371 | P44: 23.774979 | Q44: 7.7372983 | R44: 74.297143 | S44: 5.1645812 | T44: 18.355318 | U44: 2.1829588
A45: Benin | B45: 2020 | C45: =IF(A46=Estimates_of_the_use_of_water__2000_2020[[#This Row],[name]], B46-Estimates_of_the_use_of_water__2000_2020[[#This Row],[year]],"") | D45: 12123.198 | E45: 48.414997 | F45: 65.414123 | G45: =((F46-Estimates_of_the_use_of_water__2000_2020[[#This Row],[wat_bas_n]])/(B46-Estimates_of_the_use_of_water__2000_2020[[#This Row],[year]])) -> -6.8978034 | H45: =((N46-Estimates_of_the_use_of_water__2000_2020[[#This Row],[wat_bas_r]])/(B46-Estimates_of_the_use_of_water__2000_2020[[#This Row],[year]])) -> 11.610454 | I45: =(R46-Estimates_of_the_use_of_water__2000_2020[[#This Row],[wat_bas_u]])/(B46-Estimates_of_the_use_of_water__2000_2020[[#This Row],[year]]) -> -5.329028 | J45: =ABS(Estimates_of_the_use_of_water__2000_2020[[#This Row],[ARC_r]]-Estimates_of_the_use_of_water__2000_2020[[#This Row],[ARC_u]]) -> 16.939482 | K45: 9.3175356 | L45: 21.972541 | M45: 3.2958005 | N45: 58.052268 | O45: 12.705205 | P45: 23.977968 | Q45: 5.2645586 | R45: 73.258 | S45: 5.7080564 | T45: 19.835807 | U45: 1.1981368
A46: Bermuda | B46: 2015 | C46: =IF(A47=Estimates_of_the_use_of_water__2000_2020[[#This Row],[name]], B47-Estimates_of_the_use_of_water__2000_2020[[#This Row],[year]],"") -> 5 | D46: 63.695 | E46: 100 | F46: 99.90314 | G46: =((F47-Estimates_of_the_use_of_water__2000_2020[[#This Row],[wat_bas_n]])/(B47-Estimates_of_the_use_of_water__2000_2020[[#This Row],[year]])) -> 0 | H46: =((N47-Estimates_of_the_use_of_water__2000_2020[[#This Row],[wat_bas_r]])/(B47-Estimates_of_the_use_of_water__2000_2020[[#This Row],[year]])) -> 0 | I46: =(R47-Estimates_of_the_use_of_water__2000_2020[[#This Row],[wat_bas_u]])/(B47-Estimates_of_the_use_of_water__2000_2020[[#This Row],[year]]) -> 0 | J46: =ABS(Estimates_of_the_use_of_water__2000_2020[[#This Row],[ARC_r]]-Estimates_of_the_use_of_water__2000_2020[[#This Row],[ARC_u]]) -> 0 | K46: 0 | L46: 0.096859983 | M46: 0 | R46: 99.90314 | S46: 0 | T46: 0.096859983 | U46: 0
A47: Bermuda | B47: 2020 | C47: =IF(A48=Estimates_of_the_use_of_water__2000_2020[[#This Row],[name]], B48-Estimates_of_the_use_of_water__2000_2020[[#This Row],[year]],"") | D47: 62.272999 | E47: 100 | F47: 99.90314 | G47: =((F48-Estimates_of_the_use_of_water__2000_2020[[#This Row],[wat_bas_n]])/(B48-Estimates_of_the_use_of_water__2000_2020[[#This Row],[year]])) -> 0.73634349 | H47: =((N48-Estimates_of_the_use_of_water__2000_2020[[#This Row],[wat_bas_r]])/(B48-Estimates_of_the_use_of_water__2000_2020[[#This Row],[year]])) -> -19.032873 | I47: =(R48-Estimates_of_the_use_of_water__2000_2020[[#This Row],[wat_bas_u]])/(B48-Estimates_of_the_use_of_water__2000_2020[[#This Row],[year]]) -> 0.40116065 | J47: =ABS(Estimates_of_the_use_of_water__2000_2020[[#This Row],[ARC_r]]-Estimates_of_the_use_of_water__2000_2020[[#This Row],[ARC_u]]) -> 19.434033 | K47: 0 | L47: 0.096859983 | M47: 0 | R47: 99.90314 | S47: 0 | T47: 0.096859983 | U47: 0
A48: Bhutan | B48: 2015 | C48: =IF(A49=Estimates_of_the_use_of_water__2000_2020[[#This Row],[name]], B49-Estimates_of_the_use_of_water__2000_2020[[#This Row],[year]],"") -> 5 | D48: 727.88501 | E48: 38.678001 | F48: 96.221423 | G48: =((F49-Estimates_of_the_use_of_water__2000_2020[[#This Row],[wat_bas_n]])/(B49-Estimates_of_the_use_of_water__2000_2020[[#This Row],[year]])) -> 0.21836001 | H48: =((N49-Estimates_of_the_use_of_water__2000_2020[[#This Row],[wat_bas_r]])/(B49-Estimates_of_the_use_of_water__2000_2020[[#This Row],[year]])) -> 0.31336614 | I48: =(R49-Estimates_of_the_use_of_water__2000_2020[[#This Row],[wat_bas_u]])/(B49-Estimates_of_the_use_of_water__2000_2020[[#This Row],[year]]) -> 0.041858342 | J48: =ABS(Estimates_of_the_use_of_water__2000_2020[[#This Row],[ARC_r]]-Estimates_of_the_use_of_water__2000_2020[[#This Row],[ARC_u]]) -> 0.2715078 | K48: 2.4965963 | L48: 0.29618738 | M48: 0.98579374 | N48: 95.164363 | O48: 3.2158589 | P48: 0.1935987 | Q48: 1.4261794 | R48: 97.897337 | S48: 1.356242 | T48: 0.45883649 | U48: 0.2875847
A49: Bhutan | B49: 2020 | C49: =IF(A50=Estimates_of_the_use_of_water__2000_2020[[#This Row],[name]], B50-Estimates_of_the_use_of_water__2000_2020[[#This Row],[year]],"") | D49: 771.612 | E49: 42.315998 | F49: 97.313223 | G49: =((F50-Estimates_of_the_use_of_water__2000_2020[[#This Row],[wat_bas_n]])/(B50-Estimates_of_the_use_of_water__2000_2020[[#This Row],[year]])) -> 1.3702163 | H49: =((N50-Estimates_of_the_use_of_water__2000_2020[[#This Row],[wat_bas_r]])/(B50-Estimates_of_the_use_of_water__2000_2020[[#This Row],[year]])) -> 4.5982027 | I49: =(R50-Estimates_of_the_use_of_water__2000_2020[[#This Row],[wat_bas_u]])/(B50-Estimates_of_the_use_of_water__2000_2020[[#This Row],[year]]) -> -0.016673718 | J49: =ABS(Estimates_of_the_use_of_water__2000_2020[[#This Row],[ARC_r]]-Estimates_of_the_use_of_water__2000_2020[[#This Row],[ARC_u]]) -> 4.6148764 | K49: 2.4607126 | L49: 0.17642422 | M49: 0.049640541 | N49: 96.731194 | O49: 3.2688064 | P49: 0 | Q49: 0 | R49: 98.106628 | S49: 1.3591415 | T49: 0.41692085 | U49: 0.11730916
A50: Bolivia (Plurinational State of) | B50: 2015 | C50: =IF(A51=Estimates_of_the_use_of_water__2000_2020[[#This Row],[name]], B51-Estimates_of_the_use_of_water__2000_2020[[#This Row],[year]],"") -> 5 | D50: 10869.732 | E50: 68.392998 | F50: 90.462141 | G50: =((F51-Estimates_of_the_use_of_water__2000_2020[[#This Row],[wat_bas_n]])/(B51-Estimates_of_the_use_of_water__2000_2020[[#This Row],[year]])) -> 0.58558612 | H50: =((N51-Estimates_of_the_use_of_water__2000_2020[[#This Row],[wat_bas_r]])/(B51-Estimates_of_the_use_of_water__2000_2020[[#This Row],[year]])) -> 1.2392925 | I50: =(R51-Estimates_of_the_use_of_water__2000_2020[[#This Row],[wat_bas_u]])/(B51-Estimates_of_the_use_of_water__2000_2020[[#This Row],[year]]) -> 0.18642425 | J50: =ABS(Estimates_of_the_use_of_water__2000_2020[[#This Row],[ARC_r]]-Estimates_of_the_use_of_water__2000_2020[[#This Row],[ARC_u]]) -> 1.0528683 | K50: 0.1728984 | L50: 2.8324572 | M50: 6.5325034 | N50: 73.74018 | O50: 0.33996878 | P50: 5.9118005 | Q50: 20.00805 | R50: 98.189997 | S50: 0.095688834 | T50: 1.4093725 | U50: 0.30494161
A51: Bolivia (Plurinational State of) | B51: 2020 | C51: =IF(A52=Estimates_of_the_use_of_water__2000_2020[[#This Row],[name]], B52-Estimates_of_the_use_of_water__2000_2020[[#This Row],[year]],"") | D51: 11673.029 | E51: 70.123001 | F51: 93.390072 | G51: =((F52-Estimates_of_the_use_of_water__2000_2020[[#This Row],[wat_bas_n]])/(B52-Estimates_of_the_use_of_water__2000_2020[[#This Row],[year]])) -> -0.55395451 | H51: =((N52-Estimates_of_the_use_of_water__2000_2020[[#This Row],[wat_bas_r]])/(B52-Estimates_of_the_use_of_water__2000_2020[[#This Row],[year]])) -> -3.4793381 | I51: =(R52-Estimates_of_the_use_of_water__2000_2020[[#This Row],[wat_bas_u]])/(B52-Estimates_of_the_use_of_water__2000_2020[[#This Row],[year]]) -> 0.85528278 | J51: =ABS(Estimates_of_the_use_of_water__2000_2020[[#This Row],[ARC_r]]-Estimates_of_the_use_of_water__2000_2020[[#This Row],[ARC_u]]) -> 4.3346209 | K51: 0.13659053 | L51: 1.5750108 | M51: 4.898327 | N51: 79.936643 | O51: 0.24473641 | P51: 3.9541337 | Q51: 15.864487 | R51: 99.122118 | S51: 0.090513289 | T51: 0.56134538 | U51: 0.22602301
A52: Bosnia and Herzegovina | B52: 2015 | C52: =IF(A53=Estimates_of_the_use_of_water__2000_2020[[#This Row],[name]], B53-Estimates_of_the_use_of_water__2000_2020[[#This Row],[year]],"") -> 5 | D52: 3429.3621 | E52: 47.172997 | F52: 96.159844 | G52: =((F53-Estimates_of_the_use_of_water__2000_2020[[#This Row],[wat_bas_n]])/(B53-Estimates_of_the_use_of_water__2000_2020[[#This Row],[year]])) -> -0.009189312 | H52: =((N53-Estimates_of_the_use_of_water__2000_2020[[#This Row],[wat_bas_r]])/(B53-Estimates_of_the_use_of_water__2000_2020[[#This Row],[year]])) -> 0 | I52: =(R53-Estimates_of_the_use_of_water__2000_2020[[#This Row],[wat_bas_u]])/(B53-Estimates_of_the_use_of_water__2000_2020[[#This Row],[year]]) -> 0 | J52: =ABS(Estimates_of_the_use_of_water__2000_2020[[#This Row],[ARC_r]]-Estimates_of_the_use_of_water__2000_2020[[#This Row],[ARC_u]]) -> 0 | K52: 3.78007 | L52: 0.060085849 | M52: 0 | N52: 97.333333 | O52: 2.6666667 | P52: 0 | Q52: 0 | R52: 94.845704 | S52: 5.0269222 | T52: 0.12737339 | U52: 0
A53: Bosnia and Herzegovina | B53: 2020 | C53: =IF(A54=Estimates_of_the_use_of_water__2000_2020[[#This Row],[name]], B54-Estimates_of_the_use_of_water__2000_2020[[#This Row],[year]],"") | D53: 3280.8149 | E53: 49.02 | F53: 96.113898 | G53: =((F54-Estimates_of_the_use_of_water__2000_2020[[#This Row],[wat_bas_n]])/(B54-Estimates_of_the_use_of_water__2000_2020[[#This Row],[year]])) -> 1.5335216 | H53: =((N54-Estimates_of_the_use_of_water__2000_2020[[#This Row],[wat_bas_r]])/(B54-Estimates_of_the_use_of_water__2000_2020[[#This Row],[year]])) -> 5.0881599 | I53: =(R54-Estimates_of_the_use_of_water__2000_2020[[#This Row],[wat_bas_u]])/(B54-Estimates_of_the_use_of_water__2000_2020[[#This Row],[year]]) -> -0.33937964 | J53: =ABS(Estimates_of_the_use_of_water__2000_2020[[#This Row],[ARC_r]]-Estimates_of_the_use_of_water__2000_2020[[#This Row],[ARC_u]]) -> 5.4275395 | K53: 3.8236639 | L53: 0.062438438 | M53: 0 | N53: 97.333333 | O53: 2.6666667 | P53: 0 | Q53: 0 | R53: 94.845704 | S53: 5.0269222 | T53: 0.12737339 | U53: 0
A54: Botswana | B54: 2015 | C54: =IF(A55=Estimates_of_the_use_of_water__2000_2020[[#This Row],[name]], B55-Estimates_of_the_use_of_water__2000_2020[[#This Row],[year]],"") -> 5 | D54: 2120.7161 | E54: 67.154999 | F54: 88.44629 | G54: =((F55-Estimates_of_the_use_of_water__2000_2020[[#This Row],[wat_bas_n]])/(B55-Estimates_of_the_use_of_water__2000_2020[[#This Row],[year]])) -> 0.75345471 | H54: =((N55-Estimates_of_the_use_of_water__2000_2020[[#This Row],[wat_bas_r]])/(B55-Estimates_of_the_use_of_water__2000_2020[[#This Row],[year]])) -> 1.430238 | I54: =(R55-Estimates_of_the_use_of_water__2000_2020[[#This Row],[wat_bas_u]])/(B55-Estimates_of_the_use_of_water__2000_2020[[#This Row],[year]]) -> 0.2164756 | J54: =ABS(Estimates_of_the_use_of_water__2000_2020[[#This Row],[ARC_r]]-Estimates_of_the_use_of_water__2000_2020[[#This Row],[ARC_u]]) -> 1.2137624 | K54: 8.4106142 | L54: 1.5783496 | M54: 1.5647467 | N54: 71.892534 | O54: 21.789328 | P54: 1.8541979 | Q54: 4.4639407 | R54: 96.542603 | S54: 1.8671862 | T54: 1.4434385 | U54: 0.14677276
A55: Botswana | B55: 2020 | C55: =IF(A56=Estimates_of_the_use_of_water__2000_2020[[#This Row],[name]], B56-Estimates_of_the_use_of_water__2000_2020[[#This Row],[year]],"") | D55: 2351.625 | E55: 70.876999 | F55: 92.213563 | G55: =((F56-Estimates_of_the_use_of_water__2000_2020[[#This Row],[wat_bas_n]])/(B56-Estimates_of_the_use_of_water__2000_2020[[#This Row],[year]])) -> -1.1180009 | H55: =((N56-Estimates_of_the_use_of_water__2000_2020[[#This Row],[wat_bas_r]])/(B56-Estimates_of_the_use_of_water__2000_2020[[#This Row],[year]])) -> -1.9424609 | I55: =(R56-Estimates_of_the_use_of_water__2000_2020[[#This Row],[wat_bas_u]])/(B56-Estimates_of_the_use_of_water__2000_2020[[#This Row],[year]]) -> -0.33593009 | J55: =ABS(Estimates_of_the_use_of_water__2000_2020[[#This Row],[ARC_r]]-Estimates_of_the_use_of_water__2000_2020[[#This Row],[ARC_u]]) -> 1.6065308 | K55: 4.723039 | L55: 1.7325265 | M55: 1.3308715 | N55: 79.043724 | O55: 15.154947 | P55: 1.5961192 | Q55: 4.2052098 | R55: 97.624981 | S55: 0.43662003 | T55: 1.7885792 | U55: 0.14982023
A56: Brazil | B56: 2015 | C56: =IF(A57=Estimates_of_the_use_of_water__2000_2020[[#This Row],[name]], B57-Estimates_of_the_use_of_water__2000_2020[[#This Row],[year]],"") -> 5 | D56: 204471.77 | E56: 85.770004 | F56: 97.803568 | G56: =((F57-Estimates_of_the_use_of_water__2000_2020[[#This Row],[wat_bas_n]])/(B57-Estimates_of_the_use_of_water__2000_2020[[#This Row],[year]])) -> 0.30345708 | H56: =((N57-Estimates_of_the_use_of_water__2000_2020[[#This Row],[wat_bas_r]])/(B57-Estimates_of_the_use_of_water__2000_2020[[#This Row],[year]])) -> 1.4378463 | I56: =(R57-Estimates_of_the_use_of_water__2000_2020[[#This Row],[wat_bas_u]])/(B57-Estimates_of_the_use_of_water__2000_2020[[#This Row],[year]]) -> 0.10347406 | J56: =ABS(Estimates_of_the_use_of_water__2000_2020[[#This Row],[ARC_r]]-Estimates_of_the_use_of_water__2000_2020[[#This Row],[ARC_u]]) -> 1.3343722 | K56: 0.57950002 | L56: 0.47496571 | M56: 1.1419667 | N56: 88.756028 | O56: 2.8537736 | P56: 0.36513424 | Q56: 8.025064 | R56: 99.304631 | S56: 0.20217793 | T56: 0.49319105 | U56: 0
A57: Brazil | B57: 2020 | C57: =IF(A58=Estimates_of_the_use_of_water__2000_2020[[#This Row],[name]], B58-Estimates_of_the_use_of_water__2000_2020[[#This Row],[year]],"") | D57: 212559.41 | E57: 87.072998 | F57: 99.320853 | G57: =((F58-Estimates_of_the_use_of_water__2000_2020[[#This Row],[wat_bas_n]])/(B58-Estimates_of_the_use_of_water__2000_2020[[#This Row],[year]])) -> -0.10870611 | H57: =((N58-Estimates_of_the_use_of_water__2000_2020[[#This Row],[wat_bas_r]])/(B58-Estimates_of_the_use_of_water__2000_2020[[#This Row],[year]])) -> 19.189052 | I57: =(R58-Estimates_of_the_use_of_water__2000_2020[[#This Row],[wat_bas_u]])/(B58-Estimates_of_the_use_of_water__2000_2020[[#This Row],[year]]) -> 19.9644 | J57: =ABS(Estimates_of_the_use_of_water__2000_2020[[#This Row],[ARC_r]]-Estimates_of_the_use_of_water__2000_2020[[#This Row],[ARC_u]]) -> 0.77534836 | K57: 0.126549 | L57: 0.55259801 | N57: 95.94526 | O57: 0.97895092 | P57: 3.0757896 | R57: 99.822001 | S57: 0 | T57: 0.17799869 | U57: 0
A58: British Virgin Islands | B58: 2015 | C58: =IF(A59=Estimates_of_the_use_of_water__2000_2020[[#This Row],[name]], B59-Estimates_of_the_use_of_water__2000_2020[[#This Row],[year]],"") -> 5 | D58: 29.148001 | E58: 46.583 | F58: 99.864384 | G58: =((F59-Estimates_of_the_use_of_water__2000_2020[[#This Row],[wat_bas_n]])/(B59-Estimates_of_the_use_of_water__2000_2020[[#This Row],[year]])) -> 0 | H58: =((N59-Estimates_of_the_use_of_water__2000_2020[[#This Row],[wat_bas_r]])/(B59-Estimates_of_the_use_of_water__2000_2020[[#This Row],[year]])) -> 0 | I58: =(R59-Estimates_of_the_use_of_water__2000_2020[[#This Row],[wat_bas_u]])/(B59-Estimates_of_the_use_of_water__2000_2020[[#This Row],[year]]) -> 0 | J58: =ABS(Estimates_of_the_use_of_water__2000_2020[[#This Row],[ARC_r]]-Estimates_of_the_use_of_water__2000_2020[[#This Row],[ARC_u]]) -> 0 | K58: 0 | L58: 0.13561644 | M58: 0
A59: British Virgin Islands | B59: 2020 | C59: =IF(A60=Estimates_of_the_use_of_water__2000_2020[[#This Row],[name]], B60-Estimates_of_the_use_of_water__2000_2020[[#This Row],[year]],"") | D59: 30.237 | E59: 48.514999 | F59: 99.864384 | G59: =((F60-Estimates_of_the_use_of_water__2000_2020[[#This Row],[wat_bas_n]])/(B60-Estimates_of_the_use_of_water__2000_2020[[#This Row],[year]])) -> 0.07088148 | H59: =((N60-Estimates_of_the_use_of_water__2000_2020[[#This Row],[wat_bas_r]])/(B60-Estimates_of_the_use_of_water__2000_2020[[#This Row],[year]])) -> -19.81 | I59: =(R60-Estimates_of_the_use_of_water__2000_2020[[#This Row],[wat_bas_u]])/(B60-Estimates_of_the_use_of_water__2000_2020[[#This Row],[year]]) -> -19.93 | J59: =ABS(Estimates_of_the_use_of_water__2000_2020[[#This Row],[ARC_r]]-Estimates_of_the_use_of_water__2000_2020[[#This Row],[ARC_u]]) -> 0.12 | K59: 0 | L59: 0.13561644 | M59: 0
A60: Brunei Darussalam | B60: 2015 | C60: =IF(A61=Estimates_of_the_use_of_water__2000_2020[[#This Row],[name]], B61-Estimates_of_the_use_of_water__2000_2020[[#This Row],[year]],"") -> 5 | D60: 414.914 | E60: 76.662994 | F60: 99.509976 | G60: =((F61-Estimates_of_the_use_of_water__2000_2020[[#This Row],[wat_bas_n]])/(B61-Estimates_of_the_use_of_water__2000_2020[[#This Row],[year]])) -> 0.078012128 | H60: =((N61-Estimates_of_the_use_of_water__2000_2020[[#This Row],[wat_bas_r]])/(B61-Estimates_of_the_use_of_water__2000_2020[[#This Row],[year]])) -> -19.81 | I60: =(R61-Estimates_of_the_use_of_water__2000_2020[[#This Row],[wat_bas_u]])/(B61-Estimates_of_the_use_of_water__2000_2020[[#This Row],[year]]) -> 0 | J60: =ABS(Estimates_of_the_use_of_water__2000_2020[[#This Row],[ARC_r]]-Estimates_of_the_use_of_water__2000_2020[[#This Row],[ARC_u]]) -> 19.81 | K60: 0 | L60: 0.39667583 | M60: 0.093348003 | N60: 99.05 | O60: 0 | P60: 0.55 | Q60: 0.4 | R60: 99.65 | S60: 0 | T60: 0.35 | U60: 0
A61: Brunei Darussalam | B61: 2020 | C61: =IF(A62=Estimates_of_the_use_of_water__2000_2020[[#This Row],[name]], B62-Estimates_of_the_use_of_water__2000_2020[[#This Row],[year]],"") | D61: 437.483 | E61: 78.250008 | F61: 99.900037 | G61: =((F62-Estimates_of_the_use_of_water__2000_2020[[#This Row],[wat_bas_n]])/(B62-Estimates_of_the_use_of_water__2000_2020[[#This Row],[year]])) -> 0.1407419 | H61: =((N62-Estimates_of_the_use_of_water__2000_2020[[#This Row],[wat_bas_r]])/(B62-Estimates_of_the_use_of_water__2000_2020[[#This Row],[year]])) -> -19.603228 | I61: =(R62-Estimates_of_the_use_of_water__2000_2020[[#This Row],[wat_bas_u]])/(B62-Estimates_of_the_use_of_water__2000_2020[[#This Row],[year]]) -> 0.007758456 | J61: =ABS(Estimates_of_the_use_of_water__2000_2020[[#This Row],[ARC_r]]-Estimates_of_the_use_of_water__2000_2020[[#This Row],[ARC_u]]) -> 19.610987 | K61: 0 | L61: 0.0999632 | M61: 0 | R61: 99.65 | S61: 0 | T61: 0.35 | U61: 0
A62: Bulgaria | B62: 2015 | C62: =IF(A63=Estimates_of_the_use_of_water__2000_2020[[#This Row],[name]], B63-Estimates_of_the_use_of_water__2000_2020[[#This Row],[year]],"") -> 5 | D62: 7199.7388 | E62: 73.989998 | F62: 99.196327 | G62: =((F63-Estimates_of_the_use_of_water__2000_2020[[#This Row],[wat_bas_n]])/(B63-Estimates_of_the_use_of_water__2000_2020[[#This Row],[year]])) -> -0.036982074 | H62: =((N63-Estimates_of_the_use_of_water__2000_2020[[#This Row],[wat_bas_r]])/(B63-Estimates_of_the_use_of_water__2000_2020[[#This Row],[year]])) -> -0.12297047 | I62: =(R63-Estimates_of_the_use_of_water__2000_2020[[#This Row],[wat_bas_u]])/(B63-Estimates_of_the_use_of_water__2000_2020[[#This Row],[year]]) -> -0.016507464 | J62: =ABS(Estimates_of_the_use_of_water__2000_2020[[#This Row],[ARC_r]]-Estimates_of_the_use_of_water__2000_2020[[#This Row],[ARC_u]]) -> 0.10646301 | K62: 0 | L62: 0.80367269 | M62: 0 | N62: 98.01614 | O62: 0 | P62: 1.9838597 | Q62: 0 | R62: 99.611208 | S62: 0 | T62: 0.38879228 | U62: 0
A63: Bulgaria | B63: 2020 | C63: =IF(A64=Estimates_of_the_use_of_water__2000_2020[[#This Row],[name]], B64-Estimates_of_the_use_of_water__2000_2020[[#This Row],[year]],"") | D63: 6948.4448 | E63: 75.685997 | F63: 99.011417 | G63: =((F64-Estimates_of_the_use_of_water__2000_2020[[#This Row],[wat_bas_n]])/(B64-Estimates_of_the_use_of_water__2000_2020[[#This Row],[year]])) -> 9.7748572 | H63: =((N64-Estimates_of_the_use_of_water__2000_2020[[#This Row],[wat_bas_r]])/(B64-Estimates_of_the_use_of_water__2000_2020[[#This Row],[year]])) -> 11.709225 | I63: =(R64-Estimates_of_the_use_of_water__2000_2020[[#This Row],[wat_bas_u]])/(B64-Estimates_of_the_use_of_water__2000_2020[[#This Row],[year]]) -> 3.9385756 | J63: =ABS(Estimates_of_the_use_of_water__2000_2020[[#This Row],[ARC_r]]-Estimates_of_the_use_of_water__2000_2020[[#This Row],[ARC_u]]) -> 7.7706492 | K63: 0 | L63: 0.98858306 | M63: 0 | N63: 97.401288 | O63: 0 | P63: 2.598712 | Q63: 0 | R63: 99.52867 | S63: 0 | T63: 0.4713296 | U63: 0
A64: Burkina Faso | B64: 2015 | C64: =IF(A65=Estimates_of_the_use_of_water__2000_2020[[#This Row],[name]], B65-Estimates_of_the_use_of_water__2000_2020[[#This Row],[year]],"") -> 5 | D64: 18110.615 | E64: 27.530001 | F64: 50.137131 | G64: =((F65-Estimates_of_the_use_of_water__2000_2020[[#This Row],[wat_bas_n]])/(B65-Estimates_of_the_use_of_water__2000_2020[[#This Row],[year]])) -> -0.58445533 | H64: =((N65-Estimates_of_the_use_of_water__2000_2020[[#This Row],[wat_bas_r]])/(B65-Estimates_of_the_use_of_water__2000_2020[[#This Row],[year]])) -> -1.227381 | I64: =(R65-Estimates_of_the_use_of_water__2000_2020[[#This Row],[wat_bas_u]])/(B65-Estimates_of_the_use_of_water__2000_2020[[#This Row],[year]]) -> 0.049225276 | J64: =ABS(Estimates_of_the_use_of_water__2000_2020[[#This Row],[ARC_r]]-Estimates_of_the_use_of_water__2000_2020[[#This Row],[ARC_u]]) -> 1.2766062 | K64: 25.673541 | L64: 22.430179 | M64: 1.759149 | N64: 38.855164 | O64: 30.202185 | P64: 28.648694 | Q64: 2.2939571 | R64: 79.835792 | S64: 13.752335 | T64: 6.0605534 | U64: 0.35131982
A65: Burkina Faso | B65: 2020 | C65: =IF(A66=Estimates_of_the_use_of_water__2000_2020[[#This Row],[name]], B66-Estimates_of_the_use_of_water__2000_2020[[#This Row],[year]],"") | D65: 20903.277 | E65: 30.607 | F65: 47.214854 | G65: =((F66-Estimates_of_the_use_of_water__2000_2020[[#This Row],[wat_bas_n]])/(B66-Estimates_of_the_use_of_water__2000_2020[[#This Row],[year]])) -> -2.473323 | H65: =((N66-Estimates_of_the_use_of_water__2000_2020[[#This Row],[wat_bas_r]])/(B66-Estimates_of_the_use_of_water__2000_2020[[#This Row],[year]])) -> -4.5680016 | I65: =(R66-Estimates_of_the_use_of_water__2000_2020[[#This Row],[wat_bas_u]])/(B66-Estimates_of_the_use_of_water__2000_2020[[#This Row],[year]]) -> -1.7573038 | J65: =ABS(Estimates_of_the_use_of_water__2000_2020[[#This Row],[ARC_r]]-Estimates_of_the_use_of_water__2000_2020[[#This Row],[ARC_u]]) -> 2.8106978 | K65: 31.273003 | L65: 21.158633 | M65: 0.3535095 | N65: 32.718259 | O65: 38.626903 | P65: 28.340446 | Q65: 0.31439286 | R65: 80.081919 | S65: 14.600049 | T65: 4.8758365 | U65: 0.44219578
A66: Burundi | B66: 2015 | C66: =IF(A67=Estimates_of_the_use_of_water__2000_2020[[#This Row],[name]], B67-Estimates_of_the_use_of_water__2000_2020[[#This Row],[year]],"") -> 5 | D66: 10160.034 | E66: 12.078 | F66: 59.581469 | G66: =((F67-Estimates_of_the_use_of_water__2000_2020[[#This Row],[wat_bas_n]])/(B67-Estimates_of_the_use_of_water__2000_2020[[#This Row],[year]])) -> 0.5251306 | H66: =((N67-Estimates_of_the_use_of_water__2000_2020[[#This Row],[wat_bas_r]])/(B67-Estimates_of_the_use_of_water__2000_2020[[#This Row],[year]])) -> 0.42549967 | I66: =(R67-Estimates_of_the_use_of_water__2000_2020[[#This Row],[wat_bas_u]])/(B67-Estimates_of_the_use_of_water__2000_2020[[#This Row],[year]]) -> 0.36013465 | J66: =ABS(Estimates_of_the_use_of_water__2000_2020[[#This Row],[ARC_r]]-Estimates_of_the_use_of_water__2000_2020[[#This Row],[ARC_u]]) -> 0.065365018 | K66: 19.538892 | L66: 14.864993 | M66: 6.0146463 | N66: 55.558267 | O66: 21.166796 | P66: 16.594145 | Q66: 6.680793 | R66: 88.868438 | S66: 7.6885395 | T66: 2.2776019 | U66: 1.165421
A67: Burundi | B67: 2020 | C67: =IF(A68=Estimates_of_the_use_of_water__2000_2020[[#This Row],[name]], B68-Estimates_of_the_use_of_water__2000_2020[[#This Row],[year]],"") | D67: 11890.781 | E67: 13.708 | F67: 62.207122 | G67: =((F68-Estimates_of_the_use_of_water__2000_2020[[#This Row],[wat_bas_n]])/(B68-Estimates_of_the_use_of_water__2000_2020[[#This Row],[year]])) -> -4.647244 | H67: =((N68-Estimates_of_the_use_of_water__2000_2020[[#This Row],[wat_bas_r]])/(B68-Estimates_of_the_use_of_water__2000_2020[[#This Row],[year]])) -> -3.0293098 | I67: =(R68-Estimates_of_the_use_of_water__2000_2020[[#This Row],[wat_bas_u]])/(B68-Estimates_of_the_use_of_water__2000_2020[[#This Row],[year]]) -> -0.35520073 | J67: =ABS(Estimates_of_the_use_of_water__2000_2020[[#This Row],[ARC_r]]-Estimates_of_the_use_of_water__2000_2020[[#This Row],[ARC_u]]) -> 2.674109 | K67: 19.439693 | L67: 14.75826 | M67: 3.5949249 | N67: 57.685765 | O67: 21.251482 | P67: 16.896752 | Q67: 4.1660002 | R67: 90.669111 | S67: 8.0344629 | T67: 1.2964263 | U67: 0
A68: Cabo Verde | B68: 2015 | C68: =IF(A69=Estimates_of_the_use_of_water__2000_2020[[#This Row],[name]], B69-Estimates_of_the_use_of_water__2000_2020[[#This Row],[year]],"") -> 5 | D68: 524.73999 | E68: 64.299995 | F68: 85.443342 | G68: =((F69-Estimates_of_the_use_of_water__2000_2020[[#This Row],[wat_bas_n]])/(B69-Estimates_of_the_use_of_water__2000_2020[[#This Row],[year]])) -> 0.66525281 | H68: =((N69-Estimates_of_the_use_of_water__2000_2020[[#This Row],[wat_bas_r]])/(B69-Estimates_of_the_use_of_water__2000_2020[[#This Row],[year]])) -> 1.4564423 | I68: =(R69-Estimates_of_the_use_of_water__2000_2020[[#This Row],[wat_bas_u]])/(B69-Estimates_of_the_use_of_water__2000_2020[[#This Row],[year]]) -> 0.1309771 | J68: =ABS(Estimates_of_the_use_of_water__2000_2020[[#This Row],[ARC_r]]-Estimates_of_the_use_of_water__2000_2020[[#This Row],[ARC_u]]) -> 1.3254652 | K68: 10.253078 | L68: 4.1519483 | M68: 0.15163169 | N68: 72.832314 | O68: 16.379795 | P68: 10.436761 | Q68: 0.35113054 | R68: 92.445115 | S68: 6.8514639 | T68: 0.66255363 | U68: 0.040867954
A69: Cabo Verde | B69: 2020 | C69: =IF(A70=Estimates_of_the_use_of_water__2000_2020[[#This Row],[name]], B70-Estimates_of_the_use_of_water__2000_2020[[#This Row],[year]],"") | D69: 555.98798 | E69: 66.652 | F69: 88.769606 | G69: =((F70-Estimates_of_the_use_of_water__2000_2020[[#This Row],[wat_bas_n]])/(B70-Estimates_of_the_use_of_water__2000_2020[[#This Row],[year]])) -> 4.0651515 | H69: =((N70-Estimates_of_the_use_of_water__2000_2020[[#This Row],[wat_bas_r]])/(B70-Estimates_of_the_use_of_water__2000_2020[[#This Row],[year]])) -> 3.4806818 | I69: =(R70-Estimates_of_the_use_of_water__2000_2020[[#This Row],[wat_bas_u]])/(B70-Estimates_of_the_use_of_water__2000_2020[[#This Row],[year]]) -> 0.91036171 | J69: =ABS(Estimates_of_the_use_of_water__2000_2020[[#This Row],[ARC_r]]-Estimates_of_the_use_of_water__2000_2020[[#This Row],[ARC_u]]) -> 2.57032 | K69: 7.9041508 | L69: 3.2091477 | M69: 0.11709501 | N69: 80.114525 | O69: 9.911127 | P69: 9.623217 | Q69: 0.35113054 | R69: 93.1 | S69: 6.9 | T69: 0 | U69: 0
A70: Cambodia | B70: 2015 | C70: =IF(A71=Estimates_of_the_use_of_water__2000_2020[[#This Row],[name]], B71-Estimates_of_the_use_of_water__2000_2020[[#This Row],[year]],"") -> 5 | D70: 15521.435 | E70: 22.188 | F70: 68.443849 | G70: =((F71-Estimates_of_the_use_of_water__2000_2020[[#This Row],[wat_bas_n]])/(B71-Estimates_of_the_use_of_water__2000_2020[[#This Row],[year]])) -> 0.5552072 | H70: =((N71-Estimates_of_the_use_of_water__2000_2020[[#This Row],[wat_bas_r]])/(B71-Estimates_of_the_use_of_water__2000_2020[[#This Row],[year]])) -> 0.47120783 | I70: =(R71-Estimates_of_the_use_of_water__2000_2020[[#This Row],[wat_bas_u]])/(B71-Estimates_of_the_use_of_water__2000_2020[[#This Row],[year]]) -> 0.38197715 | J70: =ABS(Estimates_of_the_use_of_water__2000_2020[[#This Row],[ARC_r]]-Estimates_of_the_use_of_water__2000_2020[[#This Row],[ARC_u]]) -> 0.089230684 | K70: 8.6032482 | L70: 9.6029948 | M70: 13.349908 | N70: 62.711117 | O70: 9.4320456 | P70: 11.750896 | Q70: 16.105942 | R70: 88.548191 | S70: 5.6967035 | T70: 2.0704457 | U70: 3.6846594
A71: Cambodia | B71: 2020 | C71: =IF(A72=Estimates_of_the_use_of_water__2000_2020[[#This Row],[name]], B72-Estimates_of_the_use_of_water__2000_2020[[#This Row],[year]],"") | D71: 16718.971 | E71: 24.232 | F71: 71.219885 | G71: =((F72-Estimates_of_the_use_of_water__2000_2020[[#This Row],[wat_bas_n]])/(B72-Estimates_of_the_use_of_water__2000_2020[[#This Row],[year]])) -> 1.449179 | H71: =((N72-Estimates_of_the_use_of_water__2000_2020[[#This Row],[wat_bas_r]])/(B72-Estimates_of_the_use_of_water__2000_2020[[#This Row],[year]])) -> 4.6122973 | I71: =(R72-Estimates_of_the_use_of_water__2000_2020[[#This Row],[wat_bas_u]])/(B72-Estimates_of_the_use_of_water__2000_2020[[#This Row],[year]]) -> 1.6402339 | J71: =ABS(Estimates_of_the_use_of_water__2000_2020[[#This Row],[ARC_r]]-Estimates_of_the_use_of_water__2000_2020[[#This Row],[ARC_u]]) -> 2.9720635 | K71: 13.902222 | L71: 5.6772186 | M71: 9.2006744 | N71: 65.067156 | O71: 15.517723 | P71: 7.4928993 | Q71: 11.922222 | R71: 90.458077 | S71: 8.8509147 | T71: 0 | U71: 0.69100811
A72: Cameroon | B72: 2015 | C72: =IF(A73=Estimates_of_the_use_of_water__2000_2020[[#This Row],[name]], B73-Estimates_of_the_use_of_water__2000_2020[[#This Row],[year]],"") -> 5 | D72: 23298.377 | E72: 54.577999 | F72: 63.97399 | G72: =((F73-Estimates_of_the_use_of_water__2000_2020[[#This Row],[wat_bas_n]])/(B73-Estimates_of_the_use_of_water__2000_2020[[#This Row],[year]])) -> 0.34928561 | H72: =((N73-Estimates_of_the_use_of_water__2000_2020[[#This Row],[wat_bas_r]])/(B73-Estimates_of_the_use_of_water__2000_2020[[#This Row],[year]])) -> 0.30438238 | I72: =(R73-Estimates_of_the_use_of_water__2000_2020[[#This Row],[wat_bas_u]])/(B73-Estimates_of_the_use_of_water__2000_2020[[#This Row],[year]]) -> -0.03466461 | J72: =ABS(Estimates_of_the_use_of_water__2000_2020[[#This Row],[ARC_r]]-Estimates_of_the_use_of_water__2000_2020[[#This Row],[ARC_u]]) -> 0.33904699 | K72: 11.238271 | L72: 17.651358 | M72: 7.136381 | N72: 42.005669 | O72: 11.073386 | P72: 32.394045 | Q72: 14.5269 | R72: 82.256908 | S72: 11.375494 | T72: 5.3819035 | U72: 0.9856948
A73: Cameroon | B73: 2020 | C73: =IF(A74=Estimates_of_the_use_of_water__2000_2020[[#This Row],[name]], B74-Estimates_of_the_use_of_water__2000_2020[[#This Row],[year]],"") | D73: 26545.863 | E73: 57.560005 | F73: 65.720418 | G73: =((F74-Estimates_of_the_use_of_water__2000_2020[[#This Row],[wat_bas_n]])/(B74-Estimates_of_the_use_of_water__2000_2020[[#This Row],[year]])) -> -6.7017606 | H73: =((N74-Estimates_of_the_use_of_water__2000_2020[[#This Row],[wat_bas_r]])/(B74-Estimates_of_the_use_of_water__2000_2020[[#This Row],[year]])) -> -11.057723 | I73: =(R74-Estimates_of_the_use_of_water__2000_2020[[#This Row],[wat_bas_u]])/(B74-Estimates_of_the_use_of_water__2000_2020[[#This Row],[year]]) -> -3.4481788 | J73: =ABS(Estimates_of_the_use_of_water__2000_2020[[#This Row],[ARC_r]]-Estimates_of_the_use_of_water__2000_2020[[#This Row],[ARC_u]]) -> 7.609544 | K73: 12.874749 | L73: 15.001006 | M73: 6.4038269 | N73: 43.527581 | O73: 12.672599 | P73: 30.123806 | Q73: 13.676013 | R73: 82.083585 | S73: 13.023797 | T73: 3.8507014 | U73: 1.041917
... A75: Canada | B75: 2020 | C75: =IF(A76=Estimates_of_the_use_of_water__2000_2020[[#This Row],[name]], B76-Estimates_of_the_use_of_water__2000_2020[[#This Row],[year]],"") | D75: 37742.156 | E75: 81.562004 | F75: 99.221811 | G75: =((F76-Estimates_of_the_use_of_water__2000_2020[[#This Row],[wat_bas_n]])/(B76-Estimates_of_the_use_of_water__2000_2020[[#This Row],[year]])) -> 0.61936213 | H75: =((N76-Estimates_of_the_use_of_water__2000_2020[[#This Row],[wat_bas_r]])/(B76-Estimates_of_the_use_of_water__2000_2020[[#This Row],[year]])) -> 19.812099 | I75: =(R76-Estimates_of_the_use_of_water__2000_2020[[#This Row],[wat_bas_u]])/(B76-Estimates_of_the_use_of_water__2000_2020[[#This Row],[year]]) -> 0.62665553 | J75: =ABS(Estimates_of_the_use_of_water__2000_2020[[#This Row],[ARC_r]]-Estimates_of_the_use_of_water__2000_2020[[#This Row],[ARC_u]]) -> 19.185444 | K75: 0 | L75: 0.77818934 | M75: 0 | N75: 99.060496 | O75: 0 | P75: 0.9395041 | Q75: 0 | R75: 99.258278 | S75: 0 | T75: 0.74172234 | U75: 0
A76: Cayman Islands | B76: 2015 | C76: =IF(A77=Estimates_of_the_use_of_water__2000_2020[[#This Row],[name]], B77-Estimates_of_the_use_of_water__2000_2020[[#This Row],[year]],"") -> 1 | D76: 61.721001 | E76: 100 | F76: 96.125 | G76: =((F77-Estimates_of_the_use_of_water__2000_2020[[#This Row],[wat_bas_n]])/(B77-Estimates_of_the_use_of_water__2000_2020[[#This Row],[year]])) -> 0 | H76: =((N77-Estimates_of_the_use_of_water__2000_2020[[#This Row],[wat_bas_r]])/(B77-Estimates_of_the_use_of_water__2000_2020[[#This Row],[year]])) -> 0 | I76: =(R77-Estimates_of_the_use_of_water__2000_2020[[#This Row],[wat_bas_u]])/(B77-Estimates_of_the_use_of_water__2000_2020[[#This Row],[year]]) -> 0 | J76: =ABS(Estimates_of_the_use_of_water__2000_2020[[#This Row],[ARC_r]]-Estimates_of_the_use_of_water__2000_2020[[#This Row],[ARC_u]]) -> 0 | K76: 0 | L76: 3.875 | M76: 0 | R76: 96.125 | S76: 0 | T76: 3.875 | U76: 0
A77: Cayman Islands | B77: 2016 | C77: =IF(A78=Estimates_of_the_use_of_water__2000_2020[[#This Row],[name]], B78-Estimates_of_the_use_of_water__2000_2020[[#This Row],[year]],"") | D77: 62.563999 | E77: 100 | F77: 96.125 | G77: =((F78-Estimates_of_the_use_of_water__2000_2020[[#This Row],[wat_bas_n]])/(B78-Estimates_of_the_use_of_water__2000_2020[[#This Row],[year]])) -> 53.813655 | H77: =((N78-Estimates_of_the_use_of_water__2000_2020[[#This Row],[wat_bas_r]])/(B78-Estimates_of_the_use_of_water__2000_2020[[#This Row],[year]])) -> -31.891408 | I77: =(R78-Estimates_of_the_use_of_water__2000_2020[[#This Row],[wat_bas_u]])/(B78-Estimates_of_the_use_of_water__2000_2020[[#This Row],[year]]) -> 38.362901 | J77: =ABS(Estimates_of_the_use_of_water__2000_2020[[#This Row],[ARC_r]]-Estimates_of_the_use_of_water__2000_2020[[#This Row],[ARC_u]]) -> 70.254309 | K77: 0 | L77: 3.875 | M77: 0 | R77: 96.125 | S77: 0 | T77: 3.875 | U77: 0
A78: Central African Republic | B78: 2015 | C78: =IF(A79=Estimates_of_the_use_of_water__2000_2020[[#This Row],[name]], B79-Estimates_of_the_use_of_water__2000_2020[[#This Row],[year]],"") -> 5 | D78: 4493.1709 | E78: 40.277 | F78: 42.311345 | G78: =((F79-Estimates_of_the_use_of_water__2000_2020[[#This Row],[wat_bas_n]])/(B79-Estimates_of_the_use_of_water__2000_2020[[#This Row],[year]])) -> -1.0217887 | H78: =((N79-Estimates_of_the_use_of_water__2000_2020[[#This Row],[wat_bas_r]])/(B79-Estimates_of_the_use_of_water__2000_2020[[#This Row],[year]])) -> -0.75696273 | I78: =(R79-Estimates_of_the_use_of_water__2000_2020[[#This Row],[wat_bas_u]])/(B79-Estimates_of_the_use_of_water__2000_2020[[#This Row],[year]]) -> -1.6200868 | J78: =ABS(Estimates_of_the_use_of_water__2000_2020[[#This Row],[ARC_r]]-Estimates_of_the_use_of_water__2000_2020[[#This Row],[ARC_u]]) -> 0.86312408 | K78: 21.343997 | L78: 32.010174 | M78: 4.3344833 | N78: 31.891408 | O78: 17.357854 | P78: 43.702609 | Q78: 7.0481294 | R78: 57.762099 | S78: 27.254678 | T78: 14.672551 | U78: 0.31067171
A79: Central African Republic | B79: 2020 | C79: =IF(A80=Estimates_of_the_use_of_water__2000_2020[[#This Row],[name]], B80-Estimates_of_the_use_of_water__2000_2020[[#This Row],[year]],"") | D79: 4829.7642 | E79: 42.197998 | F79: 37.202402 | G79: =((F80-Estimates_of_the_use_of_water__2000_2020[[#This Row],[wat_bas_n]])/(B80-Estimates_of_the_use_of_water__2000_2020[[#This Row],[year]])) -> -1.439339 | H79: =((N80-Estimates_of_the_use_of_water__2000_2020[[#This Row],[wat_bas_r]])/(B80-Estimates_of_the_use_of_water__2000_2020[[#This Row],[year]])) -> -1.4944613 | I79: =(R80-Estimates_of_the_use_of_water__2000_2020[[#This Row],[wat_bas_u]])/(B80-Estimates_of_the_use_of_water__2000_2020[[#This Row],[year]]) -> -5.0183974 | J79: =ABS(Estimates_of_the_use_of_water__2000_2020[[#This Row],[ARC_r]]-Estimates_of_the_use_of_water__2000_2020[[#This Row],[ARC_u]]) -> 3.523936 | K79: 25.682373 | L79: 33.539114 | M79: 3.5761107 | N79: 28.106594 | O79: 19.40589 | P79: 46.373073 | Q79: 6.1144429 | R79: 49.661665 | S79: 34.27978 | T79: 15.959402 | U79: 0.099152817
A80: Chad | B80: 2015 | C80: =IF(A81=Estimates_of_the_use_of_water__2000_2020[[#This Row],[name]], B81-Estimates_of_the_use_of_water__2000_2020[[#This Row],[year]],"") -> 5 | D80: 14110.971 | E80: 22.515001 | F80: 44.399097 | G80: =((F81-Estimates_of_the_use_of_water__2000_2020[[#This Row],[wat_bas_n]])/(B81-Estimates_of_the_use_of_water__2000_2020[[#This Row],[year]])) -> 0.35768756 | H80: =((N81-Estimates_of_the_use_of_water__2000_2020[[#This Row],[wat_bas_r]])/(B81-Estimates_of_the_use_of_water__2000_2020[[#This Row],[year]])) -> 0.3992629 | I80: =(R81-Estimates_of_the_use_of_water__2000_2020[[#This Row],[wat_bas_u]])/(B81-Estimates_of_the_use_of_water__2000_2020[[#This Row],[year]]) -> -0.11228574 | J80: =ABS(Estimates_of_the_use_of_water__2000_2020[[#This Row],[ARC_r]]-Estimates_of_the_use_of_water__2000_2020[[#This Row],[ARC_u]]) -> 0.51154864 | K80: 13.516383 | L80: 34.70274 | M80: 7.38178 | N80: 35.578901 | O80: 13.876414 | P80: 41.266156 | Q80: 9.2785288 | R80: 74.753652 | S80: 12.277342 | T80: 12.114856 | U80: 0.85414997
A81: Chad | B81: 2020 | C81: =IF(A82=Estimates_of_the_use_of_water__2000_2020[[#This Row],[name]], B82-Estimates_of_the_use_of_water__2000_2020[[#This Row],[year]],"") | D81: 16425.859 | E81: 23.52 | F81: 46.187535 | G81: =((F82-Estimates_of_the_use_of_water__2000_2020[[#This Row],[wat_bas_n]])/(B82-Estimates_of_the_use_of_water__2000_2020[[#This Row],[year]])) -> -9.592493 | H81: =((N82-Estimates_of_the_use_of_water__2000_2020[[#This Row],[wat_bas_r]])/(B82-Estimates_of_the_use_of_water__2000_2020[[#This Row],[year]])) -> 7.5150431 | I81: =(R82-Estimates_of_the_use_of_water__2000_2020[[#This Row],[wat_bas_u]])/(B82-Estimates_of_the_use_of_water__2000_2020[[#This Row],[year]]) -> 14.838445 | J81: =ABS(Estimates_of_the_use_of_water__2000_2020[[#This Row],[ARC_r]]-Estimates_of_the_use_of_water__2000_2020[[#This Row],[ARC_u]]) -> 7.3234016 | K81: 14.740289 | L81: 31.562457 | M81: 7.5097188 | N81: 37.575215 | O81: 14.353961 | P81: 38.524968 | Q81: 9.545856 | R81: 74.192223 | S81: 15.996514 | T81: 8.9224527 | U81: 0.88881038
A82: Channel Islands | B82: 2015 | C82: =IF(A83=Estimates_of_the_use_of_water__2000_2020[[#This Row],[name]], B83-Estimates_of_the_use_of_water__2000_2020[[#This Row],[year]],"") -> 2 | D82: 165.38699 | E82: 30.961998 | F82: 94.15 | G82: =((F83-Estimates_of_the_use_of_water__2000_2020[[#This Row],[wat_bas_n]])/(B83-Estimates_of_the_use_of_water__2000_2020[[#This Row],[year]])) -> 0 | H82: =((N83-Estimates_of_the_use_of_water__2000_2020[[#This Row],[wat_bas_r]])/(B83-Estimates_of_the_use_of_water__2000_2020[[#This Row],[year]])) -> 0 | I82: =(R83-Estimates_of_the_use_of_water__2000_2020[[#This Row],[wat_bas_u]])/(B83-Estimates_of_the_use_of_water__2000_2020[[#This Row],[year]]) -> 0 | J82: =ABS(Estimates_of_the_use_of_water__2000_2020[[#This Row],[ARC_r]]-Estimates_of_the_use_of_water__2000_2020[[#This Row],[ARC_u]]) -> 0 | K82: 0 | L82: 5.85 | M82: 0
A83: Channel Islands | B83: 2017 | C83: =IF(A84=Estimates_of_the_use_of_water__2000_2020[[#This Row],[name]], B84-Estimates_of_the_use_of_water__2000_2020[[#This Row],[year]],"") | D83: 168.666 | E83: 30.914 | F83: 94.15 | G83: =((F84-Estimates_of_the_use_of_water__2000_2020[[#This Row],[wat_bas_n]])/(B84-Estimates_of_the_use_of_water__2000_2020[[#This Row],[year]])) -> -2.6782464 | H83: =((N84-Estimates_of_the_use_of_water__2000_2020[[#This Row],[wat_bas_r]])/(B84-Estimates_of_the_use_of_water__2000_2020[[#This Row],[year]])) -> -48.533849 | I83: =(R84-Estimates_of_the_use_of_water__2000_2020[[#This Row],[wat_bas_u]])/(B84-Estimates_of_the_use_of_water__2000_2020[[#This Row],[year]]) -> -49.929678 | J83: =ABS(Estimates_of_the_use_of_water__2000_2020[[#This Row],[ARC_r]]-Estimates_of_the_use_of_water__2000_2020[[#This Row],[ARC_u]]) -> 1.3958292 | K83: 0 | L83: 5.85 | M83: 0
A84: Chile | B84: 2015 | C84: =IF(A85=Estimates_of_the_use_of_water__2000_2020[[#This Row],[name]], B85-Estimates_of_the_use_of_water__2000_2020[[#This Row],[year]],"") -> 5 | D84: 17969.355 | E84: 87.360001 | F84: 99.506493 | G84: =((F85-Estimates_of_the_use_of_water__2000_2020[[#This Row],[wat_bas_n]])/(B85-Estimates_of_the_use_of_water__2000_2020[[#This Row],[year]])) -> 0.0987012 | H84: =((N85-Estimates_of_the_use_of_water__2000_2020[[#This Row],[wat_bas_r]])/(B85-Estimates_of_the_use_of_water__2000_2020[[#This Row],[year]])) -> 0.5864603 | I84: =(R85-Estimates_of_the_use_of_water__2000_2020[[#This Row],[wat_bas_u]])/(B85-Estimates_of_the_use_of_water__2000_2020[[#This Row],[year]]) -> 0.028128604 | J84: =ABS(Estimates_of_the_use_of_water__2000_2020[[#This Row],[ARC_r]]-Estimates_of_the_use_of_water__2000_2020[[#This Row],[ARC_u]]) -> 0.5583317 | K84: 0 | L84: 0.49350728 | M84: 0 | N84: 97.067699 | O84: 0 | P84: 2.9323015 | Q84: 0 | R84: 99.859357 | S84: 0 | T84: 0.14064302 | U84: 0
A85: Chile | B85: 2020 | C85: =IF(A86=Estimates_of_the_use_of_water__2000_2020[[#This Row],[name]], B86-Estimates_of_the_use_of_water__2000_2020[[#This Row],[year]],"") | D85: 19116.209 | E85: 87.726997 | F85: 99.999999 | G85: =((F86-Estimates_of_the_use_of_water__2000_2020[[#This Row],[wat_bas_n]])/(B86-Estimates_of_the_use_of_water__2000_2020[[#This Row],[year]])) -> 1.6474715 | H85: =((N86-Estimates_of_the_use_of_water__2000_2020[[#This Row],[wat_bas_r]])/(B86-Estimates_of_the_use_of_water__2000_2020[[#This Row],[year]])) -> 3.1041624 | I85: =(R86-Estimates_of_the_use_of_water__2000_2020[[#This Row],[wat_bas_u]])/(B86-Estimates_of_the_use_of_water__2000_2020[[#This Row],[year]]) -> 0.49606921 | J85: =ABS(Estimates_of_the_use_of_water__2000_2020[[#This Row],[ARC_r]]-Estimates_of_the_use_of_water__2000_2020[[#This Row],[ARC_u]]) -> 2.6080932 | K85: 0 | L85: 1.2771393e-06 | M85: 0 | N85: 100 | O85: 0 | P85: 0 | Q85: 0 | R85: 100 | S85: 0 | T85: 0 | U85: 0
A86: China | B86: 2015 | C86: =IF(A87=Estimates_of_the_use_of_water__2000_2020[[#This Row],[name]], B87-Estimates_of_the_use_of_water__2000_2020[[#This Row],[year]],"") -> 5 | D86: 1430405.4 | E86: 55.852707 | F86: 91.762641 | G86: =((F87-Estimates_of_the_use_of_water__2000_2020[[#This Row],[wat_bas_n]])/(B87-Estimates_of_the_use_of_water__2000_2020[[#This Row],[year]])) -> 0.49969387 | H86: =((N87-Estimates_of_the_use_of_water__2000_2020[[#This Row],[wat_bas_r]])/(B87-Estimates_of_the_use_of_water__2000_2020[[#This Row],[year]])) -> 1.0364091 | I86: =(R87-Estimates_of_the_use_of_water__2000_2020[[#This Row],[wat_bas_u]])/(B87-Estimates_of_the_use_of_water__2000_2020[[#This Row],[year]]) -> -0.08095426 | J86: =ABS(Estimates_of_the_use_of_water__2000_2020[[#This Row],[ARC_r]]-Estimates_of_the_use_of_water__2000_2020[[#This Row],[ARC_u]]) -> 1.1173634 | K86: 0.81876266 | L86: 6.7820774 | M86: 0.6365187 | N86: 84.479188 | O86: 1.5118631 | P86: 12.952949 | Q86: 1.056 | R86: 97.519654 | S86: 0.2709198 | T86: 1.9044754 | U86: 0.30495082
A87: China | B87: 2020 | C87: =IF(A88=Estimates_of_the_use_of_water__2000_2020[[#This Row],[name]], B88-Estimates_of_the_use_of_water__2000_2020[[#This Row],[year]],"") | D87: 1463140.5 | E87: 61.713089 | F87: 94.261111 | G87: =((F88-Estimates_of_the_use_of_water__2000_2020[[#This Row],[wat_bas_n]])/(B88-Estimates_of_the_use_of_water__2000_2020[[#This Row],[year]])) -> -1.1477779 | H87: =((N88-Estimates_of_the_use_of_water__2000_2020[[#This Row],[wat_bas_r]])/(B88-Estimates_of_the_use_of_water__2000_2020[[#This Row],[year]])) -> 17.932247 | I87: =(R88-Estimates_of_the_use_of_water__2000_2020[[#This Row],[wat_bas_u]])/(B88-Estimates_of_the_use_of_water__2000_2020[[#This Row],[year]]) -> -0.57702347 | J87: =ABS(Estimates_of_the_use_of_water__2000_2020[[#This Row],[ARC_r]]-Estimates_of_the_use_of_water__2000_2020[[#This Row],[ARC_u]]) -> 18.50927 | K87: 0.81472133 | L87: 4.7254519 | M87: 0.19871614 | N87: 89.661234 | O87: 1.8326791 | P87: 8.5060874 | Q87: 0 | R87: 97.114883 | S87: 0.18317849 | T87: 2.3799388 | U87: 0.322
A88: China, Hong Kong SAR | B88: 2015 | C88: =IF(A89=Estimates_of_the_use_of_water__2000_2020[[#This Row],[name]], B89-Estimates_of_the_use_of_water__2000_2020[[#This Row],[year]],"") -> 5 | D88: 7185.9922 | E88: 100 | F88: 100 | G88: =((F89-Estimates_of_the_use_of_water__2000_2020[[#This Row],[wat_bas_n]])/(B89-Estimates_of_the_use_of_water__2000_2020[[#This Row],[year]])) -> 0 | H88: =((N89-Estimates_of_the_use_of_water__2000_2020[[#This Row],[wat_bas_r]])/(B89-Estimates_of_the_use_of_water__2000_2020[[#This Row],[year]])) -> 0 | I88: =(R89-Estimates_of_the_use_of_water__2000_2020[[#This Row],[wat_bas_u]])/(B89-Estimates_of_the_use_of_water__2000_2020[[#This Row],[year]]) -> 0 | J88: =ABS(Estimates_of_the_use_of_water__2000_2020[[#This Row],[ARC_r]]-Estimates_of_the_use_of_water__2000_2020[[#This Row],[ARC_u]]) -> 0 | K88: 0 | L88: 0 | M88: 0 | R88: 100 | S88: 0 | T88: 0 | U88: 0
A89: China, Hong Kong SAR | B89: 2020 | C89: =IF(A90=Estimates_of_the_use_of_water__2000_2020[[#This Row],[name]], B90-Estimates_of_the_use_of_water__2000_2020[[#This Row],[year]],"") | D89: 7496.9878 | E89: 100 | F89: 100 | G89: =((F90-Estimates_of_the_use_of_water__2000_2020[[#This Row],[wat_bas_n]])/(B90-Estimates_of_the_use_of_water__2000_2020[[#This Row],[year]])) -> 0 | H89: =((N90-Estimates_of_the_use_of_water__2000_2020[[#This Row],[wat_bas_r]])/(B90-Estimates_of_the_use_of_water__2000_2020[[#This Row],[year]])) -> 0 | I89: =(R90-Estimates_of_the_use_of_water__2000_2020[[#This Row],[wat_bas_u]])/(B90-Estimates_of_the_use_of_water__2000_2020[[#This Row],[year]]) -> 0 | J89: =ABS(Estimates_of_the_use_of_water__2000_2020[[#This Row],[ARC_r]]-Estimates_of_the_use_of_water__2000_2020[[#This Row],[ARC_u]]) -> 0 | K89: 0 | L89: 0 | M89: 0 | R89: 100 | S89: 0 | T89: 0 | U89: 0
A90: China, Macao SAR | B90: 2015 | C90: =IF(A91=Estimates_of_the_use_of_water__2000_2020[[#This Row],[name]], B91-Estimates_of_the_use_of_water__2000_2020[[#This Row],[year]],"") -> 5 | D90: 602.09302 | E90: 100 | F90: 100 | G90: =((F91-Estimates_of_the_use_of_water__2000_2020[[#This Row],[wat_bas_n]])/(B91-Estimates_of_the_use_of_water__2000_2020[[#This Row],[year]])) -> 0 | H90: =((N91-Estimates_of_the_use_of_water__2000_2020[[#This Row],[wat_bas_r]])/(B91-Estimates_of_the_use_of_water__2000_2020[[#This Row],[year]])) -> 0 | I90: =(R91-Estimates_of_the_use_of_water__2000_2020[[#This Row],[wat_bas_u]])/(B91-Estimates_of_the_use_of_water__2000_2020[[#This Row],[year]]) -> 0 | J90: =ABS(Estimates_of_the_use_of_water__2000_2020[[#This Row],[ARC_r]]-Estimates_of_the_use_of_water__2000_2020[[#This Row],[ARC_u]]) -> 0 | K90: 0 | L90: 0 | M90: 0 | R90: 100 | S90: 0 | T90: 0 | U90: 0
A91: China, Macao SAR | B91: 2020 | C91: =IF(A92=Estimates_of_the_use_of_water__2000_2020[[#This Row],[name]], B92-Estimates_of_the_use_of_water__2000_2020[[#This Row],[year]],"") | D91: 649.34198 | E91: 100 | F91: 100 | G91: =((F92-Estimates_of_the_use_of_water__2000_2020[[#This Row],[wat_bas_n]])/(B92-Estimates_of_the_use_of_water__2000_2020[[#This Row],[year]])) -> 0.73282638 | H91: =((N92-Estimates_of_the_use_of_water__2000_2020[[#This Row],[wat_bas_r]])/(B92-Estimates_of_the_use_of_water__2000_2020[[#This Row],[year]])) -> -16.654745 | I91: =(R92-Estimates_of_the_use_of_water__2000_2020[[#This Row],[wat_bas_u]])/(B92-Estimates_of_the_use_of_water__2000_2020[[#This Row],[year]]) -> 0.070057526 | J91: =ABS(Estimates_of_the_use_of_water__2000_2020[[#This Row],[ARC_r]]-Estimates_of_the_use_of_water__2000_2020[[#This Row],[ARC_u]]) -> 16.724803 | K91: 0 | L91: 0 | M91: 0 | R91: 100 | S91: 0 | T91: 0 | U91: 0
A92: Colombia | B92: 2015 | C92: =IF(A93=Estimates_of_the_use_of_water__2000_2020[[#This Row],[name]], B93-Estimates_of_the_use_of_water__2000_2020[[#This Row],[year]],"") -> 5 | D92: 47520.668 | E92: 79.764 | F92: 96.335868 | G92: =((F93-Estimates_of_the_use_of_water__2000_2020[[#This Row],[wat_bas_n]])/(B93-Estimates_of_the_use_of_water__2000_2020[[#This Row],[year]])) -> 0.2311578 | H92: =((N93-Estimates_of_the_use_of_water__2000_2020[[#This Row],[wat_bas_r]])/(B93-Estimates_of_the_use_of_water__2000_2020[[#This Row],[year]])) -> 0.69866939 | I92: =(R93-Estimates_of_the_use_of_water__2000_2020[[#This Row],[wat_bas_u]])/(B93-Estimates_of_the_use_of_water__2000_2020[[#This Row],[year]]) -> 0.057696086 | J92: =ABS(Estimates_of_the_use_of_water__2000_2020[[#This Row],[ARC_r]]-Estimates_of_the_use_of_water__2000_2020[[#This Row],[ARC_u]]) -> 0.64097331 | K92: 0.18405199 | L92: 1.7034451 | M92: 1.7766348 | N92: 83.273726 | O92: 0.68766563 | P92: 7.2590324 | Q92: 8.7795762 | R92: 99.649712 | S92: 0.05628603 | T92: 0.2940016 | U92: 0
A93: Colombia | B93: 2020 | C93: =IF(A94=Estimates_of_the_use_of_water__2000_2020[[#This Row],[name]], B94-Estimates_of_the_use_of_water__2000_2020[[#This Row],[year]],"") | D93: 50882.883 | E93: 81.424995 | F93: 97.491657 | G93: =((F94-Estimates_of_the_use_of_water__2000_2020[[#This Row],[wat_bas_n]])/(B94-Estimates_of_the_use_of_water__2000_2020[[#This Row],[year]])) -> 3.4719314 | H93: =((N94-Estimates_of_the_use_of_water__2000_2020[[#This Row],[wat_bas_r]])/(B94-Estimates_of_the_use_of_water__2000_2020[[#This Row],[year]])) -> 1.9710699 | I93: =(R94-Estimates_of_the_use_of_water__2000_2020[[#This Row],[wat_bas_u]])/(B94-Estimates_of_the_use_of_water__2000_2020[[#This Row],[year]]) -> 2.3430694 | J93: =ABS(Estimates_of_the_use_of_water__2000_2020[[#This Row],[ARC_r]]-Estimates_of_the_use_of_water__2000_2020[[#This Row],[ARC_u]]) -> 0.37199957 | K93: 0.18615216 | L93: 0.95361622 | M93: 1.3685745 | N93: 86.767073 | O93: 0.7312282 | P93: 5.133869 | Q93: 7.36783 | R93: 99.938193 | S93: 0.0618072 | T93: 0 | U93: 0
A94: Comoros | B94: 2015 | C94: =IF(A95=Estimates_of_the_use_of_water__2000_2020[[#This Row],[name]], B95-Estimates_of_the_use_of_water__2000_2020[[#This Row],[year]],"") -> 4 | D94: 777.435 | E94: 28.470001 | F94: 80.132 | G94: =((F95-Estimates_of_the_use_of_water__2000_2020[[#This Row],[wat_bas_n]])/(B95-Estimates_of_the_use_of_water__2000_2020[[#This Row],[year]])) -> 0.019624433 | H94: =((N95-Estimates_of_the_use_of_water__2000_2020[[#This Row],[wat_bas_r]])/(B95-Estimates_of_the_use_of_water__2000_2020[[#This Row],[year]])) -> 0 | I94: =(R95-Estimates_of_the_use_of_water__2000_2020[[#This Row],[wat_bas_u]])/(B95-Estimates_of_the_use_of_water__2000_2020[[#This Row],[year]]) -> 0 | J94: =ABS(Estimates_of_the_use_of_water__2000_2020[[#This Row],[ARC_r]]-Estimates_of_the_use_of_water__2000_2020[[#This Row],[ARC_u]]) -> 0 | K94: 10.877265 | L94: 8.3951934 | M94: 0.59554149 | N94: 76.911723 | O94: 11.568647 | P94: 10.822454 | Q94: 0.69717486 | R94: 88.222846 | S94: 9.1401885 | T94: 2.2967751 | U94: 0.3401908
A95: Comoros | B95: 2019 | C95: =IF(A96=Estimates_of_the_use_of_water__2000_2020[[#This Row],[name]], B96-Estimates_of_the_use_of_water__2000_2020[[#This Row],[year]],"") | D95: 850.89099 | E95: 29.164001 | F95: 80.210498 | G95: =((F96-Estimates_of_the_use_of_water__2000_2020[[#This Row],[wat_bas_n]])/(B96-Estimates_of_the_use_of_water__2000_2020[[#This Row],[year]])) -> 2.265229 | H95: =((N96-Estimates_of_the_use_of_water__2000_2020[[#This Row],[wat_bas_r]])/(B96-Estimates_of_the_use_of_water__2000_2020[[#This Row],[year]])) -> 8.8799719 | I95: =(R96-Estimates_of_the_use_of_water__2000_2020[[#This Row],[wat_bas_u]])/(B96-Estimates_of_the_use_of_water__2000_2020[[#This Row],[year]]) -> 0.3572851 | J95: =ABS(Estimates_of_the_use_of_water__2000_2020[[#This Row],[ARC_r]]-Estimates_of_the_use_of_water__2000_2020[[#This Row],[ARC_u]]) -> 8.5226868 | K95: 10.860411 | L95: 8.9290909 | N95: 76.911723 | O95: 11.568647 | P95: 11.519629 | R95: 88.222846 | S95: 9.1401885 | T95: 2.2967751 | U95: 0.3401908
A96: Congo | B96: 2015 | C96: =IF(A97=Estimates_of_the_use_of_water__2000_2020[[#This Row],[name]], B97-Estimates_of_the_use_of_water__2000_2020[[#This Row],[year]],"") -> 5 | D96: 4856.0928 | E96: 65.542999 | F96: 71.149582 | G96: =((F97-Estimates_of_the_use_of_water__2000_2020[[#This Row],[wat_bas_n]])/(B97-Estimates_of_the_use_of_water__2000_2020[[#This Row],[year]])) -> 0.52698596 | H96: =((N97-Estimates_of_the_use_of_water__2000_2020[[#This Row],[wat_bas_r]])/(B97-Estimates_of_the_use_of_water__2000_2020[[#This Row],[year]])) -> 0.86651545 | I96: =(R97-Estimates_of_the_use_of_water__2000_2020[[#This Row],[wat_bas_u]])/(B97-Estimates_of_the_use_of_water__2000_2020[[#This Row],[year]]) -> 0.0599182 | J96: =ABS(Estimates_of_the_use_of_water__2000_2020[[#This Row],[ARC_r]]-Estimates_of_the_use_of_water__2000_2020[[#This Row],[ARC_u]]) -> 0.80659725 | K96: 10.510526 | L96: 11.662046 | M96: 6.6778459 | N96: 41.391836 | O96: 10.739573 | P96: 28.501849 | Q96: 19.366743 | R96: 86.793705 | S96: 10.390113 | T96: 2.8090907 | U96: 0.0070910959
A97: Congo | B97: 2020 | C97: =IF(A98=Estimates_of_the_use_of_water__2000_2020[[#This Row],[name]], B98-Estimates_of_the_use_of_water__2000_2020[[#This Row],[year]],"") | D97: 5518.0918 | E97: 67.829002 | F97: 73.784512 | G97: =((F98-Estimates_of_the_use_of_water__2000_2020[[#This Row],[wat_bas_n]])/(B98-Estimates_of_the_use_of_water__2000_2020[[#This Row],[year]])) -> -5.2338319 | H97: =((N98-Estimates_of_the_use_of_water__2000_2020[[#This Row],[wat_bas_r]])/(B98-Estimates_of_the_use_of_water__2000_2020[[#This Row],[year]])) -> 9.1448826 | I97: =(R98-Estimates_of_the_use_of_water__2000_2020[[#This Row],[wat_bas_u]])/(B98-Estimates_of_the_use_of_water__2000_2020[[#This Row],[year]]) -> 17.418659 | J97: =ABS(Estimates_of_the_use_of_water__2000_2020[[#This Row],[ARC_r]]-Estimates_of_the_use_of_water__2000_2020[[#This Row],[ARC_u]]) -> 8.2737766 | K97: 10.461172 | L97: 9.5591807 | M97: 6.1951357 | N97: 45.724413 | O97: 10.63239 | P97: 24.40517 | Q97: 19.238027 | R97: 87.093296 | S97: 10.379964 | T97: 2.51779 | U97: 0.0089494521
A98: Cook Islands | B98: 2015 | C98: =IF(A99=Estimates_of_the_use_of_water__2000_2020[[#This Row],[name]], B99-Estimates_of_the_use_of_water__2000_2020[[#This Row],[year]],"") -> 5 | D98: 17.580999 | E98: 74.403999 | F98: 99.953671 | G98: =((F99-Estimates_of_the_use_of_water__2000_2020[[#This Row],[wat_bas_n]])/(B99-Estimates_of_the_use_of_water__2000_2020[[#This Row],[year]])) -> 0.00358784 | H98: =((N99-Estimates_of_the_use_of_water__2000_2020[[#This Row],[wat_bas_r]])/(B99-Estimates_of_the_use_of_water__2000_2020[[#This Row],[year]])) -> 0 | I98: =(R99-Estimates_of_the_use_of_water__2000_2020[[#This Row],[wat_bas_u]])/(B99-Estimates_of_the_use_of_water__2000_2020[[#This Row],[year]]) -> 0 | J98: =ABS(Estimates_of_the_use_of_water__2000_2020[[#This Row],[ARC_r]]-Estimates_of_the_use_of_water__2000_2020[[#This Row],[ARC_u]]) -> 0 | K98: 0 | L98: 0.046328976 | M98: 0
A99: Cook Islands | B99: 2020 | C99: =IF(A100=Estimates_of_the_use_of_water__2000_2020[[#This Row],[name]], B100-Estimates_of_the_use_of_water__2000_2020[[#This Row],[year]],"") | D99: 17.563999 | E99: 75.495003 | F99: 99.97161 | G99: =((F100-Estimates_of_the_use_of_water__2000_2020[[#This Row],[wat_bas_n]])/(B100-Estimates_of_the_use_of_water__2000_2020[[#This Row],[year]])) -> 0.11858468 | H99: =((N100-Estimates_of_the_use_of_water__2000_2020[[#This Row],[wat_bas_r]])/(B100-Estimates_of_the_use_of_water__2000_2020[[#This Row],[year]])) -> -19.637206 | I99: =(R100-Estimates_of_the_use_of_water__2000_2020[[#This Row],[wat_bas_u]])/(B100-Estimates_of_the_use_of_water__2000_2020[[#This Row],[year]]) -> -19.947543 | J99: =ABS(Estimates_of_the_use_of_water__2000_2020[[#This Row],[ARC_r]]-Estimates_of_the_use_of_water__2000_2020[[#This Row],[ARC_u]]) -> 0.31033652 | K99: 0 | L99: 0.028389783 | M99: 0
A100: Costa Rica | B100: 2015 | C100: =IF(A101=Estimates_of_the_use_of_water__2000_2020[[#This Row],[name]], B101-Estimates_of_the_use_of_water__2000_2020[[#This Row],[year]],"") -> 5 | D100: 4847.8052 | E100: 76.862 | F100: 99.378687 | G100: =((F101-Estimates_of_the_use_of_water__2000_2020[[#This Row],[wat_bas_n]])/(B101-Estimates_of_the_use_of_water__2000_2020[[#This Row],[year]])) -> 0.086370022 | H100: =((N101-Estimates_of_the_use_of_water__2000_2020[[#This Row],[wat_bas_r]])/(B101-Estimates_of_the_use_of_water__2000_2020[[#This Row],[year]])) -> 0.2920435 | I100: =(R101-Estimates_of_the_use_of_water__2000_2020[[#This Row],[wat_bas_u]])/(B101-Estimates_of_the_use_of_water__2000_2020[[#This Row],[year]]) -> 0.02238755 | J100: =ABS(Estimates_of_the_use_of_water__2000_2020[[#This Row],[ARC_r]]-Estimates_of_the_use_of_water__2000_2020[[#This Row],[ARC_u]]) -> 0.26965595 | K100: 0.25413038 | L100: 0.21133502 | M100: 0.15584778 | N100: 98.186032 | O100: 0.41006115 | P100: 0.73034858 | Q100: 0.67355778 | R100: 99.737715 | S100: 0.20719007 | T100: 0.055094818 | U100: 0
A101: Costa Rica | B101: 2020 | C101: =IF(A102=Estimates_of_the_use_of_water__2000_2020[[#This Row],[name]], B102-Estimates_of_the_use_of_water__2000_2020[[#This Row],[year]],"") | D101: 5094.1138 | E101: 80.770996 | F101: 99.810537 | G101: =((F102-Estimates_of_the_use_of_water__2000_2020[[#This Row],[wat_bas_n]])/(B102-Estimates_of_the_use_of_water__2000_2020[[#This Row],[year]])) -> 5.746954 | H101: =((N102-Estimates_of_the_use_of_water__2000_2020[[#This Row],[wat_bas_r]])/(B102-Estimates_of_the_use_of_water__2000_2020[[#This Row],[year]])) -> 8.7606157 | I101: =(R102-Estimates_of_the_use_of_water__2000_2020[[#This Row],[wat_bas_u]])/(B102-Estimates_of_the_use_of_water__2000_2020[[#This Row],[year]]) -> 2.6397415 | J101: =ABS(Estimates_of_the_use_of_water__2000_2020[[#This Row],[ARC_r]]-Estimates_of_the_use_of_water__2000_2020[[#This Row],[ARC_u]]) -> 6.1208742 | K101: 0.18945947 | L101: 3.5944519e-06 | M101: 0 | N101: 99.64625 | O101: 0.35375 | P101: 0 | Q101: 0 | R101: 99.849653 | S101: 0.15034714 | T101: 0 | U101: 0
...

Sheet Regions
A1: Column1 | B1: Column2
A2: name | B2: region
A3: Afghanistan | B3: South Asia
A4: Albania | B4: Europe & Central Asia
A5: Algeria | B5: Middle East & North Africa
A6: American Samoa | B6: East Asia & Pacific
A7: Andorra | B7: Europe & Central Asia
A8: Angola | B8: Sub-Saharan Africa
A9: Anguilla | B9: Latin America & Caribbean
A10: Antigua and Barbuda | B10: Latin America & Caribbean
A11: Argentina | B11: Latin America & Caribbean
A12: Armenia | B12: Europe & Central Asia
... A234: Zimbabwe | B234: Sub-Saharan Africa

Sheet Summary
A1: calculate the average year difference across all countries, rounded to two decimal places
A2: = | B2: =AVERAGE(Estimates_of_the_use_of_water__2000_2020[y_diff]) -> 4.7965368
A4: Calculate the minimum and maximum year difference in the same
A5: minimunm = 1
A6: maxmum = 5 | B6: =MAX(Estimates_of_the_use_of_water__2000_2020[y_diff]) -> 5
A8: How does the average year difference compare to the minimum and maximum year difference?
A9: Average Year Difference: 4.8
A10: Minimum Year Difference: 1.0
A11: Maximum Year Difference: 5.0
A13: create a histogram of the year column. Note the minimum and maximum values on the horizontal axis.
A30: Calculate the average, minimum, and maximum for each of the ARC values for access to the basic service level for each of the three population groups.
B31: Minimum | C31: Maximum | D31: Average | H31: =IFERROR((F3-[@[wat_bas_n]])/(B3-[@year]), "")
A32: ARC_n | B32: =MIN(Estimates_of_the_use_of_water__2000_2020[ARC_n]) -> -47.901587 | C32: =MAX(Estimates_of_the_use_of_water__2000_2020[ARC_n]) -> 53.813655 | D32: =AVERAGE(Estimates_of_the_use_of_water__2000_2020[ARC_n]) -> 0.19696307 | H32: =IFERROR((M3-[@[wat_bas_r]])/(B3-[@year]),"")
A33: ARC_r | B33: =MIN(Estimates_of_the_use_of_water__2000_2020[ARC_r]) -> -100 | C33: =MAX(Estimates_of_the_use_of_water__2000_2020[ARC_r]) -> 20 | D33: =AVERAGE(Estimates_of_the_use_of_water__2000_2020[ARC_r]) -> -0.67932804 | H33: =IFERROR((Q3-[@[wat_bas_u]])/(B3-[@year]),"")
A34: ARC_u | B34: =MIN(Estimates_of_the_use_of_water__2000_2020[ARC_u]) -> -99.965 | C34: =MAX(Estimates_of_the_use_of_water__2000_2020[ARC_u]) -> 48.741137 | D34: =AVERAGE(Estimates_of_the_use_of_water__2000_2020[ARC_u]) -> -0.3474114
B37: AVERAGE | C37: MINMUM | D37: MAXMUM
A38: ARC_n | B38: 0.27699608 | C38: -1.0217887 | D38: 2.7503265
A39: ARC_r | B39: 0.48445493 | C39: -1.227381 | D39: 2.6678826
A40: ARC_u | B40: 0.15446264 | C40: -1.6200868 | D40: 2.6682119
A43: calculate the number of countries that have missing ARC values, i.e., the number of “null” occurrences in each of the columns ARC_n, ARC_r, and ARC_u.
B44: Number of Missing numbers | E44: Missing2
A45: ARC_n | B45: =COUNTBLANK(cleaned!R2:R463) -> 233 | E45: =COUNTBLANK(Estimates_of_the_use_of_water__2000_2020[ARC_n]) -> 0
A46: ARC_r | B46: =COUNTBLANK(cleaned!S2:S463) -> 295 | E46: =COUNTBLANK(Estimates_of_the_use_of_water__2000_2020[ARC_r]) -> 0
A47: ARC_u | B47: =COUNTBLANK(cleaned!T3:T463) -> 280 | E47: =COUNTBLANK(Estimates_of_the_use_of_water__2000_2020[ARC_u]) -> 0
A49: calculate the number of countries that have full access across both years, i.e., the number of countries where access is 100% for both years reported.
A50: Number of countries with full access to basic water services (national): | H50: 0
A51: Number of countries with full access to basic water services (rural): | H51: 0
A52: Number of countries with full access to basic water services (urban): | H52: 0
A54: calculate the number of countries that have full access per population, i.e., the number of “full access” occurrences in each of the newly created columns ARC_n_full, ARC_r_full, and ARC_u_full.
A56: National | B56: =COUNTIF(cleaned!Y:Y, "full access") -> 152
A57: Rural | B57: =COUNTIF(cleaned!Z:Z, "full access") -> 64 | F57: COUNTA(UNIQUE(FILTER(country_range,(ARC_n_range=0)*(ARC_n_full_range<>"full access"))))
A58: Urban | B58: =COUNTIF(cleaned!AA:AA, "full access") -> 140
A60: Calculate the number of countries that have ARC values equal to zero that don’t already have full access for each of the population types: national, rural, and urban.
B61: full Access | C61: Not Full Access
B62: ARC = 0 | C62: ARC < 0 | D62: ARC > 0
A63: NATION | B63: {=COUNTA(_xlfn.UNIQUE(_xlfn._xlws.FILTER(cleaned!A:A,(cleaned!R:R=0)*(cleaned!Y:Y<>"full access"))))} -> 156 | C63: {=COUNTA(_xlfn.UNIQUE(_xlfn._xlws.FILTER(cleaned!A:A,(cleaned!R:R<0)*(cleaned!Y:Y<>"not full access"))))} -> 20 | D63: {=COUNTA(_xlfn.UNIQUE(_xlfn._xlws.FILTER(cleaned!A:A,(cleaned!R:R>0)*(cleaned!Y:Y<>"not full access"))))} -> 35
A64: RURAL | B64: {=COUNTA(_xlfn.UNIQUE(_xlfn._xlws.FILTER(cleaned!A:A,(cleaned!S:S=0)*(cleaned!Z:Z<>"full access"))))} -> 200 | C64: {=COUNTA(_xlfn.UNIQUE(_xlfn._xlws.FILTER(cleaned!A:A,(cleaned!S:S<0)*(cleaned!Z:Z<>"not full access"))))} -> 2 | D64: {=COUNTA(_xlfn.UNIQUE(_xlfn._xlws.FILTER(cleaned!A:A,(cleaned!S:S>0)*(cleaned!Z:Z<>"not full access"))))} -> 6
A65: URBAN | B65: {=COUNTA(_xlfn.UNIQUE(_xlfn._xlws.FILTER(cleaned!A:A,(cleaned!T:T=0)*(cleaned!AA:AA<>"full access"))))} -> 162 | C65: {=COUNTA(_xlfn.UNIQUE(_xlfn._xlws.FILTER(cleaned!A:A,(cleaned!T:T<0)*(cleaned!AA:AA<>"not full access"))))} -> 8 | D65: {=COUNTA(_xlfn.UNIQUE(_xlfn._xlws.FILTER(cleaned!A:A,(cleaned!T:T>0)*(cleaned!AA:AA<>"not full access"))))} -> 24
A67: check that we’ve considered all countries for the conditions—no value, full access, ARC = 0, ARC < 0, and ARC > 0, by summing the number of countries for each and comparing it to the total number of countries
A68: NATION | B68: =SUM(B63:D63) -> 211
A69: RURAL | B69: =SUM(B64:D64) -> 208
A70: URBAN | B70: =SUM(B65:D65) -> 194
A72: Create a histogram of the newly created ARC_diff feature.

Sheet cleaned
A1: name | B1: year | C1: pop_n | D1: pop_u | E1: wat_bas_n | F1: wat_lim_n | G1: wat_unimp_n | H1: wat_sur_n | I1: wat_bas_r | J1: wat_lim_r | K1: wat_unimp_r | L1: wat_sur_r | M1: wat_bas_u | N1: wat_lim_u | O1: wat_unimp_u | P1: wat_sur_u | Q1: y_diff | R1: ARC_n | S1: ARC_r | T1: ARC_u | U1: ARC_diff | V1: wat_bas_n (rounded) | W1: wat_bas_r (rounded) | X1: wat_bas_u (rounded) | Y1: ARC_n_full | Z1: ARC_r_full | AA1: ARC_u_full
A2: Afghanistan | B2: 2015 | C2: 34413.602 | D2: 24.802999 | E2: 61.339781 | F2: 3.5111995 | G2: 22.168784 | H2: 12.980236 | I2: 52.988502 | J2: 3.8611366 | K2: 26.553268 | L2: 16.597094 | M2: 86.658941 | N2: 2.4502706 | O2: 8.8760357 | P2: 2.014753 | U2: =ABS(Sheet1[[#This Row],[ARC_r]]-Sheet1[[#This Row],[ARC_u]]) -> 0 | V2: =ROUND(Sheet1[[#This Row],[wat_bas_n]],0) -> 61 | W2: =ROUND(Sheet1[[#This Row],[wat_bas_r]],0) -> 53 | X2: =ROUND(Sheet1[[#This Row],[wat_bas_u]],0) -> 87 | Y2: =IF(AND(COUNTIFS($A:$A,A2)>1, COUNTIFS($A:$A,A2,$E:$E,">99")=COUNTIFS($A:$A,A2)), "full access", "not full access") -> not full access | Z2: =IF(AND(COUNTIFS($A:$A,A2)>1, COUNTIFS($A:$A,A2,$I:$I,">99")=COUNTIFS($A:$A,A2)), "full access", "not full access") -> not full access | AA2: =IF(AND(COUNTIFS($A:$A,A2)>1, COUNTIFS($A:$A,A2,$M:$M,">99")=COUNTIFS($A:$A,A2)), "full access", "not full access") -> not full access
A3: Afghanistan | B3: 2020 | C3: 38928.34 | D3: 26.025999 | E3: 75.091413 | F3: 1.4475417 | G3: 14.560263 | H3: 8.9007822 | I3: 66.327915 | J3: 1.9568249 | K3: 19.682949 | L3: 12.032311 | M3: 100 | N3: 0 | O3: 0 | P3: 0 | Q3: 5 | R3: 2.7503265 | S3: 2.6678826 | T3: 2.6682119 | U3: =ABS(Sheet1[[#This Row],[ARC_r]]-Sheet1[[#This Row],[ARC_u]]) -> 0.000329218 | V3: =ROUND(Sheet1[[#This Row],[wat_bas_n]],0) -> 75 | W3: =ROUND(Sheet1[[#This Row],[wat_bas_r]],0) -> 66 | X3: =ROUND(Sheet1[[#This Row],[wat_bas_u]],0) -> 100 | Y3: =IF(AND(COUNTIFS($A:$A,A3)>1, COUNTIFS($A:$A,A3,$E:$E,">99")=COUNTIFS($A:$A,A3)), "full access", "not full access") -> not full access | Z3: =IF(AND(COUNTIFS($A:$A,A3)>1, COUNTIFS($A:$A,A3,$I:$I,">99")=COUNTIFS($A:$A,A3)), "full access", "not full access") -> not full access | AA3: =IF(AND(COUNTIFS($A:$A,A3)>1, COUNTIFS($A:$A,A3,$M:$M,">99")=COUNTIFS($A:$A,A3)), "full access", "not full access") -> not full access
A4: Albania | B4: 2015 | C4: 2890.5239 | D4: 57.433998 | E4: 93.394325 | F4: 3.6263837 | G4: 2.979291 | H4: 0 | I4: 90.627275 | J4: 5.2631726 | K4: 4.1095527 | L4: 0 | M4: 95.445067 | N4: 2.4133118 | O4: 2.1416212 | P4: 0 | U4: =ABS(Sheet1[[#This Row],[ARC_r]]-Sheet1[[#This Row],[ARC_u]]) -> 0 | V4: =ROUND(Sheet1[[#This Row],[wat_bas_n]],0) -> 93 | W4: =ROUND(Sheet1[[#This Row],[wat_bas_r]],0) -> 91 | X4: =ROUND(Sheet1[[#This Row],[wat_bas_u]],0) -> 95 | Y4: =IF(AND(COUNTIFS($A:$A,A4)>1, COUNTIFS($A:$A,A4,$E:$E,">99")=COUNTIFS($A:$A,A4)), "full access", "not full access") -> not full access | Z4: =IF(AND(COUNTIFS($A:$A,A4)>1, COUNTIFS($A:$A,A4,$I:$I,">99")=COUNTIFS($A:$A,A4)), "full access", "not full access") -> not full access | AA4: =IF(AND(COUNTIFS($A:$A,A4)>1, COUNTIFS($A:$A,A4,$M:$M,">99")=COUNTIFS($A:$A,A4)), "full access", "not full access") -> not full access
A5: Albania | B5: 2020 | C5: 2877.8 | D5: 62.112 | E5: 95.068039 | F5: 1.8846561 | G5: 3.0473051 | H5: 0 | I5: 94.091358 | J5: 2.305265 | K5: 3.603377 | L5: 0 | M5: 95.663809 | N5: 1.6280868 | O5: 2.7081041 | P5: 0 | Q5: 5 | R5: 0.3347427 | S5: 0.69281669 | T5: 0.043748432 | U5: =ABS(Sheet1[[#This Row],[ARC_r]]-Sheet1[[#This Row],[ARC_u]]) -> 0.64906826 | V5: =ROUND(Sheet1[[#This Row],[wat_bas_n]],0) -> 95 | W5: =ROUND(Sheet1[[#This Row],[wat_bas_r]],0) -> 94 | X5: =ROUND(Sheet1[[#This Row],[wat_bas_u]],0) -> 96 | Y5: =IF(AND(COUNTIFS($A:$A,A5)>1, COUNTIFS($A:$A,A5,$E:$E,">99")=COUNTIFS($A:$A,A5)), "full access", "not full access") -> not full access | Z5: =IF(AND(COUNTIFS($A:$A,A5)>1, COUNTIFS($A:$A,A5,$I:$I,">99")=COUNTIFS($A:$A,A5)), "full access", "not full access") -> not full access | AA5: =IF(AND(COUNTIFS($A:$A,A5)>1, COUNTIFS($A:$A,A5,$M:$M,">99")=COUNTIFS($A:$A,A5)), "full access", "not full access") -> not full access
A6: Algeria | B6: 2015 | C6: 39728.02 | D6: 70.848 | E6: 93.409562 | F6: 5.1577809 | G6: 1.2754647 | H6: 0.15719289 | I6: 88.352707 | J6: 8.6857531 | K6: 2.5804318 | L6: 0.38110822 | M6: 95.490315 | N6: 3.7061173 | O6: 0.73851009 | P6: 0.065057898 | U6: =ABS(Sheet1[[#This Row],[ARC_r]]-Sheet1[[#This Row],[ARC_u]]) -> 0 | V6: =ROUND(Sheet1[[#This Row],[wat_bas_n]],0) -> 93 | W6: =ROUND(Sheet1[[#This Row],[wat_bas_r]],0) -> 88 | X6: =ROUND(Sheet1[[#This Row],[wat_bas_u]],0) -> 95 | Y6: =IF(AND(COUNTIFS($A:$A,A6)>1, COUNTIFS($A:$A,A6,$E:$E,">99")=COUNTIFS($A:$A,A6)), "full access", "not full access") -> not full access | Z6: =IF(AND(COUNTIFS($A:$A,A6)>1, COUNTIFS($A:$A,A6,$I:$I,">99")=COUNTIFS($A:$A,A6)), "full access", "not full access") -> not full access | AA6: =IF(AND(COUNTIFS($A:$A,A6)>1, COUNTIFS($A:$A,A6,$M:$M,">99")=COUNTIFS($A:$A,A6)), "full access", "not full access") -> not full access
A7: Algeria | B7: 2020 | C7: 43851.043 | D7: 73.733002 | E7: 94.43733 | F7: 4.9858808 | G7: 0.53183666 | H7: 0.044952533 | I7: 90.037538 | J7: 8.7967221 | K7: 0.99460303 | L7: 0.17113693 | M7: 96.004736 | N7: 3.6282886 | O7: 0.36697555 | P7: 0 | Q7: 5 | R7: 0.20555369 | S7: 0.33696621 | T7: 0.10288423 | U7: =ABS(Sheet1[[#This Row],[ARC_r]]-Sheet1[[#This Row],[ARC_u]]) -> 0.23408198 | V7: =ROUND(Sheet1[[#This Row],[wat_bas_n]],0) -> 94 | W7: =ROUND(Sheet1[[#This Row],[wat_bas_r]],0) -> 90 | X7: =ROUND(Sheet1[[#This Row],[wat_bas_u]],0) -> 96 | Y7: =IF(AND(COUNTIFS($A:$A,A7)>1, COUNTIFS($A:$A,A7,$E:$E,">99")=COUNTIFS($A:$A,A7)), "full access", "not full access") -> not full access | Z7: =IF(AND(COUNTIFS($A:$A,A7)>1, COUNTIFS($A:$A,A7,$I:$I,">99")=COUNTIFS($A:$A,A7)), "full access", "not full access") -> not full access | AA7: =IF(AND(COUNTIFS($A:$A,A7)>1, COUNTIFS($A:$A,A7,$M:$M,">99")=COUNTIFS($A:$A,A7)), "full access", "not full access") -> not full access
A8: American Samoa | B8: 2015 | C8: 55.806 | D8: 87.238007 | E8: 99.619103 | F8: 0 | G8: 0.38089685 | H8: 0 | U8: =ABS(Sheet1[[#This Row],[ARC_r]]-Sheet1[[#This Row],[ARC_u]]) -> 0 | V8: =ROUND(Sheet1[[#This Row],[wat_bas_n]],0) -> 100 | W8: =ROUND(Sheet1[[#This Row],[wat_bas_r]],0) -> 0 | X8: =ROUND(Sheet1[[#This Row],[wat_bas_u]],0) -> 0 | Y8: =IF(AND(COUNTIFS($A:$A,A8)>1, COUNTIFS($A:$A,A8,$E:$E,">99")=COUNTIFS($A:$A,A8)), "full access", "not full access") -> full access | Z8: =IF(AND(COUNTIFS($A:$A,A8)>1, COUNTIFS($A:$A,A8,$I:$I,">99")=COUNTIFS($A:$A,A8)), "full access", "not full access") -> not full access | AA8: =IF(AND(COUNTIFS($A:$A,A8)>1, COUNTIFS($A:$A,A8,$M:$M,">99")=COUNTIFS($A:$A,A8)), "full access", "not full access") -> not full access
A9: American Samoa | B9: 2020 | C9: 55.196999 | D9: 87.153 | E9: 99.773772 | F9: 0 | G9: 0.22622834 | H9: 0 | Q9: 5 | R9: 0.030933702 | U9: =ABS(Sheet1[[#This Row],[ARC_r]]-Sheet1[[#This Row],[ARC_u]]) -> 0 | V9: =ROUND(Sheet1[[#This Row],[wat_bas_n]],0) -> 100 | W9: =ROUND(Sheet1[[#This Row],[wat_bas_r]],0) -> 0 | X9: =ROUND(Sheet1[[#This Row],[wat_bas_u]],0) -> 0 | Y9: =IF(AND(COUNTIFS($A:$A,A9)>1, COUNTIFS($A:$A,A9,$E:$E,">99")=COUNTIFS($A:$A,A9)), "full access", "not full access") -> full access | Z9: =IF(AND(COUNTIFS($A:$A,A9)>1, COUNTIFS($A:$A,A9,$I:$I,">99")=COUNTIFS($A:$A,A9)), "full access", "not full access") -> not full access | AA9: =IF(AND(COUNTIFS($A:$A,A9)>1, COUNTIFS($A:$A,A9,$M:$M,">99")=COUNTIFS($A:$A,A9)), "full access", "not full access") -> not full access
A10: Andorra | B10: 2015 | C10: 77.992996 | D10: 88.344994 | E10: 99.999998 | F10: 0 | G10: 2.4455384e-06 | H10: 0 | I10: 100 | J10: 0 | K10: 0 | L10: 0 | M10: 100 | N10: 0 | O10: 0 | P10: 0 | U10: =ABS(Sheet1[[#This Row],[ARC_r]]-Sheet1[[#This Row],[ARC_u]]) -> 0 | V10: =ROUND(Sheet1[[#This Row],[wat_bas_n]],0) -> 100 | W10: =ROUND(Sheet1[[#This Row],[wat_bas_r]],0) -> 100 | X10: =ROUND(Sheet1[[#This Row],[wat_bas_u]],0) -> 100 | Y10: =IF(AND(COUNTIFS($A:$A,A10)>1, COUNTIFS($A:$A,A10,$E:$E,">99")=COUNTIFS($A:$A,A10)), "full access", "not full access") -> full access | Z10: =IF(AND(COUNTIFS($A:$A,A10)>1, COUNTIFS($A:$A,A10,$I:$I,">99")=COUNTIFS($A:$A,A10)), "full access", "not full access") -> full access | AA10: =IF(AND(COUNTIFS($A:$A,A10)>1, COUNTIFS($A:$A,A10,$M:$M,">99")=COUNTIFS($A:$A,A10)), "full access", "not full access") -> full access
A11: Andorra | B11: 2020 | C11: 77.264999 | D11: 87.916 | E11: 100 | F11: 0 | G11: 0 | H11: 0 | I11: 100 | J11: 0 | K11: 0 | L11: 0 | M11: 100 | N11: 0 | O11: 0 | P11: 0 | Q11: 5 | R11: 1.23e-06 | S11: 0 | T11: 0 | U11: =ABS(Sheet1[[#This Row],[ARC_r]]-Sheet1[[#This Row],[ARC_u]]) -> 0 | V11: =ROUND(Sheet1[[#This Row],[wat_bas_n]],0) -> 100 | W11: =ROUND(Sheet1[[#This Row],[wat_bas_r]],0) -> 100 | X11: =ROUND(Sheet1[[#This Row],[wat_bas_u]],0) -> 100 | Y11: =IF(AND(COUNTIFS($A:$A,A11)>1, COUNTIFS($A:$A,A11,$E:$E,">99")=COUNTIFS($A:$A,A11)), "full access", "not full access") -> full access | Z11: =IF(AND(COUNTIFS($A:$A,A11)>1, COUNTIFS($A:$A,A11,$I:$I,">99")=COUNTIFS($A:$A,A11)), "full access", "not full access") -> full access | AA11: =IF(AND(COUNTIFS($A:$A,A11)>1, COUNTIFS($A:$A,A11,$M:$M,">99")=COUNTIFS($A:$A,A11)), "full access", "not full access") -> full access
A12: Angola | B12: 2015 | C12: 27884.381 | D12: 63.445995 | E12: 54.316928 | F12: 11.368619 | G12: 17.372356 | H12: 16.942097 | I12: 26.714369 | J12: 9.9310693 | K12: 21.725308 | L12: 41.629254 | M12: 70.219965 | N12: 12.196853 | O12: 14.864431 | P12: 2.7187499 | U12: =ABS(Sheet1[[#This Row],[ARC_r]]-Sheet1[[#This Row],[ARC_u]]) -> 0 | V12: =ROUND(Sheet1[[#This Row],[wat_bas_n]],0) -> 54 | W12: =ROUND(Sheet1[[#This Row],[wat_bas_r]],0) -> 27 | X12: =ROUND(Sheet1[[#This Row],[wat_bas_u]],0) -> 70 | Y12: =IF(AND(COUNTIFS($A:$A,A12)>1, COUNTIFS($A:$A,A12,$E:$E,">99")=COUNTIFS($A:$A,A12)), "full access", "not full access") -> not full access | Z12: =IF(AND(COUNTIFS($A:$A,A12)>1, COUNTIFS($A:$A,A12,$I:$I,">99")=COUNTIFS($A:$A,A12)), "full access", "not full access") -> not full access | AA12: =IF(AND(COUNTIFS($A:$A,A12)>1, COUNTIFS($A:$A,A12,$M:$M,">99")=COUNTIFS($A:$A,A12)), "full access", "not full access") -> not full access
A13: Angola | B13: 2020 | C13: 32866.27 | D13: 66.824997 | E13: 57.167738 | F13: 9.2873499 | G13: 19.450825 | H13: 14.094087 | I13: 27.808227 | J13: 8.7404884 | K13: 22.933153 | L13: 40.518132 | M13: 71.743149 | N13: 9.5588375 | O13: 17.722035 | P13: 0.97597916 | Q13: 5 | R13: 0.57016185 | S13: 0.21877144 | T13: 0.3046367 | U13: =ABS(Sheet1[[#This Row],[ARC_r]]-Sheet1[[#This Row],[ARC_u]]) -> 0.085865258 | V13: =ROUND(Sheet1[[#This Row],[wat_bas_n]],0) -> 57 | W13: =ROUND(Sheet1[[#This Row],[wat_bas_r]],0) -> 28 | X13: =ROUND(Sheet1[[#This Row],[wat_bas_u]],0) -> 72 | Y13: =IF(AND(COUNTIFS($A:$A,A13)>1, COUNTIFS($A:$A,A13,$E:$E,">99")=COUNTIFS($A:$A,A13)), "full access", "not full access") -> not full access | Z13: =IF(AND(COUNTIFS($A:$A,A13)>1, COUNTIFS($A:$A,A13,$I:$I,">99")=COUNTIFS($A:$A,A13)), "full access", "not full access") -> not full access | AA13: =IF(AND(COUNTIFS($A:$A,A13)>1, COUNTIFS($A:$A,A13,$M:$M,">99")=COUNTIFS($A:$A,A13)), "full access", "not full access") -> not full access
A14: Anguilla | B14: 2015 | C14: 14.279 | D14: 100 | E14: 97.482274 | F14: 0 | G14: 2.5177258 | H14: 0 | M14: 97.482274 | N14: 0 | O14: 2.5177258 | P14: 0 | U14: =ABS(Sheet1[[#This Row],[ARC_r]]-Sheet1[[#This Row],[ARC_u]]) -> 0 | V14: =ROUND(Sheet1[[#This Row],[wat_bas_n]],0) -> 97 | W14: =ROUND(Sheet1[[#This Row],[wat_bas_r]],0) -> 0 | X14: =ROUND(Sheet1[[#This Row],[wat_bas_u]],0) -> 97 | Y14: =IF(AND(COUNTIFS($A:$A,A14)>1, COUNTIFS($A:$A,A14,$E:$E,">99")=COUNTIFS($A:$A,A14)), "full access", "not full access") -> not full access | Z14: =IF(AND(COUNTIFS($A:$A,A14)>1, COUNTIFS($A:$A,A14,$I:$I,">99")=COUNTIFS($A:$A,A14)), "full access", "not full access") -> not full access | AA14: =IF(AND(COUNTIFS($A:$A,A14)>1, COUNTIFS($A:$A,A14,$M:$M,">99")=COUNTIFS($A:$A,A14)), "full access", "not full access") -> not full access
A15: Anguilla | B15: 2017 | C15: 14.588 | D15: 100 | E15: 97.482274 | F15: 0 | G15: 2.5177258 | H15: 0 | M15: 97.482274 | N15: 0 | O15: 2.5177258 | P15: 0 | Q15: 2 | R15: 0 | T15: 0 | U15: =ABS(Sheet1[[#This Row],[ARC_r]]-Sheet1[[#This Row],[ARC_u]]) -> 0 | V15: =ROUND(Sheet1[[#This Row],[wat_bas_n]],0) -> 97 | W15: =ROUND(Sheet1[[#This Row],[wat_bas_r]],0) -> 0 | X15: =ROUND(Sheet1[[#This Row],[wat_bas_u]],0) -> 97 | Y15: =IF(AND(COUNTIFS($A:$A,A15)>1, COUNTIFS($A:$A,A15,$E:$E,">99")=COUNTIFS($A:$A,A15)), "full access", "not full access") -> not full access | Z15: =IF(AND(COUNTIFS($A:$A,A15)>1, COUNTIFS($A:$A,A15,$I:$I,">99")=COUNTIFS($A:$A,A15)), "full access", "not full access") -> not full access | AA15: =IF(AND(COUNTIFS($A:$A,A15)>1, COUNTIFS($A:$A,A15,$M:$M,">99")=COUNTIFS($A:$A,A15)), "full access", "not full access") -> not full access
A16: Antigua and Barbuda | B16: 2015 | C16: 93.570999 | D16: 25 | E16: 96.739186 | F16: 0 | G16: 3.1663476 | H16: 0.094466114 | U16: =ABS(Sheet1[[#This Row],[ARC_r]]-Sheet1[[#This Row],[ARC_u]]) -> 0 | V16: =ROUND(Sheet1[[#This Row],[wat_bas_n]],0) -> 97 | W16: =ROUND(Sheet1[[#This Row],[wat_bas_r]],0) -> 0 | X16: =ROUND(Sheet1[[#This Row],[wat_bas_u]],0) -> 0 | Y16: =IF(AND(COUNTIFS($A:$A,A16)>1, COUNTIFS($A:$A,A16,$E:$E,">99")=COUNTIFS($A:$A,A16)), "full access", "not full access") -> not full access | Z16: =IF(AND(COUNTIFS($A:$A,A16)>1, COUNTIFS($A:$A,A16,$I:$I,">99")=COUNTIFS($A:$A,A16)), "full access", "not full access") -> not full access | AA16: =IF(AND(COUNTIFS($A:$A,A16)>1, COUNTIFS($A:$A,A16,$M:$M,">99")=COUNTIFS($A:$A,A16)), "full access", "not full access") -> not full access
A17: Antigua and Barbuda | B17: 2017 | C17: 95.425003 | D17: 24.713001 | E17: 96.739186 | F17: 0 | G17: 3.1663476 | H17: 0.094466114 | Q17: 2 | R17: 0 | U17: =ABS(Sheet1[[#This Row],[ARC_r]]-Sheet1[[#This Row],[ARC_u]]) -> 0 | V17: =ROUND(Sheet1[[#This Row],[wat_bas_n]],0) -> 97 | W17: =ROUND(Sheet1[[#This Row],[wat_bas_r]],0) -> 0 | X17: =ROUND(Sheet1[[#This Row],[wat_bas_u]],0) -> 0 | Y17: =IF(AND(COUNTIFS($A:$A,A17)>1, COUNTIFS($A:$A,A17,$E:$E,">99")=COUNTIFS($A:$A,A17)), "full access", "not full access") -> not full access | Z17: =IF(AND(COUNTIFS($A:$A,A17)>1, COUNTIFS($A:$A,A17,$I:$I,">99")=COUNTIFS($A:$A,A17)), "full access", "not full access") -> not full access | AA17: =IF(AND(COUNTIFS($A:$A,A17)>1, COUNTIFS($A:$A,A17,$M:$M,">99")=COUNTIFS($A:$A,A17)), "full access", "not full access") -> not full access
A18: Argentina | B18: 2015 | C18: 43075.414 | D18: 91.502998 | E18: 98.966588 | F18: 0 | G18: 0.66491438 | H18: 0.36849747 | I18: 92.98366 | J18: 0 | K18: 2.6795449 | L18: 4.3367951 | M18: 99.522163 | N18: 0 | O18: 0.47783695 | P18: 0 | U18: =ABS(Sheet1[[#This Row],[ARC_r]]-Sheet1[[#This Row],[ARC_u]]) -> 0 | V18: =ROUND(Sheet1[[#This Row],[wat_bas_n]],0) -> 99 | W18: =ROUND(Sheet1[[#This Row],[wat_bas_r]],0) -> 93 | X18: =ROUND(Sheet1[[#This Row],[wat_bas_u]],0) -> 100 | Y18: =IF(AND(COUNTIFS($A:$A,A18)>1, COUNTIFS($A:$A,A18,$E:$E,">99")=COUNTIFS($A:$A,A18)), "full access", "not full access") -> not full access | Z18: =IF(AND(COUNTIFS($A:$A,A18)>1, COUNTIFS($A:$A,A18,$I:$I,">99")=COUNTIFS($A:$A,A18)), "full access", "not full access") -> not full access | AA18: =IF(AND(COUNTIFS($A:$A,A18)>1, COUNTIFS($A:$A,A18,$M:$M,">99")=COUNTIFS($A:$A,A18)), "full access", "not full access") -> full access
A19: Argentina | B19: 2020 | C19: 45195.777 | D19: 92.111 | M19: 99.790421 | N19: 0 | O19: 0.20957935 | P19: 0 | Q19: 5 | T19: 0.05365152 | U19: =ABS(Sheet1[[#This Row],[ARC_r]]-Sheet1[[#This Row],[ARC_u]]) -> 0.05365152 | V19: =ROUND(Sheet1[[#This Row],[wat_bas_n]],0) -> 0 | W19: =ROUND(Sheet1[[#This Row],[wat_bas_r]],0) -> 0 | X19: =ROUND(Sheet1[[#This Row],[wat_bas_u]],0) -> 100 | Y19: =IF(AND(COUNTIFS($A:$A,A19)>1, COUNTIFS($A:$A,A19,$E:$E,">99")=COUNTIFS($A:$A,A19)), "full access", "not full access") -> not full access | Z19: =IF(AND(COUNTIFS($A:$A,A19)>1, COUNTIFS($A:$A,A19,$I:$I,">99")=COUNTIFS($A:$A,A19)), "full access", "not full access") -> not full access | AA19: =IF(AND(COUNTIFS($A:$A,A19)>1, COUNTIFS($A:$A,A19,$M:$M,">99")=COUNTIFS($A:$A,A19)), "full access", "not full access") -> full access
A20: Armenia | B20: 2015 | C20: 2925.5591 | D20: 63.085003 | E20: 99.552567 | F20: 0 | G20: 0.098505084 | H20: 0.34892822 | I20: 99.054779 | J20: 0 | K20: 0 | L20: 0.94522073 | M20: 99.843853 | N20: 0 | O20: 0.1561466 | P20: 0 | U20: =ABS(Sheet1[[#This Row],[ARC_r]]-Sheet1[[#This Row],[ARC_u]]) -> 0 | V20: =ROUND(Sheet1[[#This Row],[wat_bas_n]],0) -> 100 | W20: =ROUND(Sheet1[[#This Row],[wat_bas_r]],0) -> 99 | X20: =ROUND(Sheet1[[#This Row],[wat_bas_u]],0) -> 100 | Y20: =IF(AND(COUNTIFS($A:$A,A20)>1, COUNTIFS($A:$A,A20,$E:$E,">99")=COUNTIFS($A:$A,A20)), "full access", "not full access") -> full access | Z20: =IF(AND(COUNTIFS($A:$A,A20)>1, COUNTIFS($A:$A,A20,$I:$I,">99")=COUNTIFS($A:$A,A20)), "full access", "not full access") -> full access | AA20: =IF(AND(COUNTIFS($A:$A,A20)>1, COUNTIFS($A:$A,A20,$M:$M,">99")=COUNTIFS($A:$A,A20)), "full access", "not full access") -> full access
A21: Armenia | B21: 2020 | C21: 2963.2339 | D21: 63.313 | E21: 99.971181 | F21: 0 | G21: 0.028819308 | H21: 0 | I21: 100 | J21: 0 | K21: 0 | L21: 0 | M21: 99.954481 | N21: 0 | O21: 0.045518784 | P21: 0 | Q21: 5 | R21: 0.083722798 | S21: 0.18904415 | T21: 0.022125564 | U21: =ABS(Sheet1[[#This Row],[ARC_r]]-Sheet1[[#This Row],[ARC_u]]) -> 0.16691858 | V21: =ROUND(Sheet1[[#This Row],[wat_bas_n]],0) -> 100 | W21: =ROUND(Sheet1[[#This Row],[wat_bas_r]],0) -> 100 | X21: =ROUND(Sheet1[[#This Row],[wat_bas_u]],0) -> 100 | Y21: =IF(AND(COUNTIFS($A:$A,A21)>1, COUNTIFS($A:$A,A21,$E:$E,">99")=COUNTIFS($A:$A,A21)), "full access", "not full access") -> full access | Z21: =IF(AND(COUNTIFS($A:$A,A21)>1, COUNTIFS($A:$A,A21,$I:$I,">99")=COUNTIFS($A:$A,A21)), "full access", "not full access") -> full access | AA21: =IF(AND(COUNTIFS($A:$A,A21)>1, COUNTIFS($A:$A,A21,$M:$M,">99")=COUNTIFS($A:$A,A21)), "full access", "not full access") -> full access
A22: Aruba | B22: 2015 | C22: 104.339 | D22: 43.108002 | E22: 97.869023 | F22: 0 | G22: 1.9599362 | H22: 0.17104041 | U22: =ABS(Sheet1[[#This Row],[ARC_r]]-Sheet1[[#This Row],[ARC_u]]) -> 0 | V22: =ROUND(Sheet1[[#This Row],[wat_bas_n]],0) -> 98 | W22: =ROUND(Sheet1[[#This Row],[wat_bas_r]],0) -> 0 | X22: =ROUND(Sheet1[[#This Row],[wat_bas_u]],0) -> 0 | Y22: =IF(AND(COUNTIFS($A:$A,A22)>1, COUNTIFS($A:$A,A22,$E:$E,">99")=COUNTIFS($A:$A,A22)), "full access", "not full access") -> not full access | Z22: =IF(AND(COUNTIFS($A:$A,A22)>1, COUNTIFS($A:$A,A22,$I:$I,">99")=COUNTIFS($A:$A,A22)), "full access", "not full access") -> not full access | AA22: =IF(AND(COUNTIFS($A:$A,A22)>1, COUNTIFS($A:$A,A22,$M:$M,">99")=COUNTIFS($A:$A,A22)), "full access", "not full access") -> not full access
A23: Aruba | B23: 2016 | C23: 104.865 | D23: 43.191998 | E23: 97.869023 | F23: 0 | G23: 1.9599362 | H23: 0.17104041 | Q23: 1 | R23: 0 | U23: =ABS(Sheet1[[#This Row],[ARC_r]]-Sheet1[[#This Row],[ARC_u]]) -> 0 | V23: =ROUND(Sheet1[[#This Row],[wat_bas_n]],0) -> 98 | W23: =ROUND(Sheet1[[#This Row],[wat_bas_r]],0) -> 0 | X23: =ROUND(Sheet1[[#This Row],[wat_bas_u]],0) -> 0 | Y23: =IF(AND(COUNTIFS($A:$A,A23)>1, COUNTIFS($A:$A,A23,$E:$E,">99")=COUNTIFS($A:$A,A23)), "full access", "not full access") -> not full access | Z23: =IF(AND(COUNTIFS($A:$A,A23)>1, COUNTIFS($A:$A,A23,$I:$I,">99")=COUNTIFS($A:$A,A23)), "full access", "not full access") -> not full access | AA23: =IF(AND(COUNTIFS($A:$A,A23)>1, COUNTIFS($A:$A,A23,$M:$M,">99")=COUNTIFS($A:$A,A23)), "full access", "not full access") -> not full access
A24: Australia | B24: 2015 | C24: 23932.498 | D24: 85.701004 | E24: 99.970006 | F24: 0 | G24: 0.029994331 | H24: 0 | I24: 100 | J24: 0 | K24: 0 | L24: 0 | M24: 99.965 | N24: 0 | O24: 0.035 | P24: 0 | U24: =ABS(Sheet1[[#This Row],[ARC_r]]-Sheet1[[#This Row],[ARC_u]]) -> 0 | V24: =ROUND(Sheet1[[#This Row],[wat_bas_n]],0) -> 100 | W24: =ROUND(Sheet1[[#This Row],[wat_bas_r]],0) -> 100 | X24: =ROUND(Sheet1[[#This Row],[wat_bas_u]],0) -> 100 | Y24: =IF(AND(COUNTIFS($A:$A,A24)>1, COUNTIFS($A:$A,A24,$E:$E,">99")=COUNTIFS($A:$A,A24)), "full access", "not full access") -> full access | Z24: =IF(AND(COUNTIFS($A:$A,A24)>1, COUNTIFS($A:$A,A24,$I:$I,">99")=COUNTIFS($A:$A,A24)), "full access", "not full access") -> full access | AA24: =IF(AND(COUNTIFS($A:$A,A24)>1, COUNTIFS($A:$A,A24,$M:$M,">99")=COUNTIFS($A:$A,A24)), "full access", "not full access") -> full access
A25: Australia | B25: 2020 | C25: 25499.881 | D25: 86.240997 | E25: 99.969812 | F25: 0 | G25: 0.030188179 | H25: 0 | I25: 100 | J25: 0 | K25: 0 | L25: 0 | M25: 99.965 | N25: 0 | O25: 0.035 | P25: 0 | Q25: 5 | R25: -3.877e-05 | S25: 0 | T25: 0 | U25: =ABS(Sheet1[[#This Row],[ARC_r]]-Sheet1[[#This Row],[ARC_u]]) -> 0 | V25: =ROUND(Sheet1[[#This Row],[wat_bas_n]],0) -> 100 | W25: =ROUND(Sheet1[[#This Row],[wat_bas_r]],0) -> 100 | X25: =ROUND(Sheet1[[#This Row],[wat_bas_u]],0) -> 100 | Y25: =IF(AND(COUNTIFS($A:$A,A25)>1, COUNTIFS($A:$A,A25,$E:$E,">99")=COUNTIFS($A:$A,A25)), "full access", "not full access") -> full access | Z25: =IF(AND(COUNTIFS($A:$A,A25)>1, COUNTIFS($A:$A,A25,$I:$I,">99")=COUNTIFS($A:$A,A25)), "full access", "not full access") -> full access | AA25: =IF(AND(COUNTIFS($A:$A,A25)>1, COUNTIFS($A:$A,A25,$M:$M,">99")=COUNTIFS($A:$A,A25)), "full access", "not full access") -> full access
A26: Austria | B26: 2015 | C26: 8678.667 | D26: 57.715 | E26: 100 | F26: 0 | G26: 0 | H26: 0 | I26: 100 | J26: 0 | K26: 0 | L26: 0 | M26: 100 | N26: 0 | O26: 0 | P26: 0 | U26: =ABS(Sheet1[[#This Row],[ARC_r]]-Sheet1[[#This Row],[ARC_u]]) -> 0 | V26: =ROUND(Sheet1[[#This Row],[wat_bas_n]],0) -> 100 | W26: =ROUND(Sheet1[[#This Row],[wat_bas_r]],0) -> 100 | X26: =ROUND(Sheet1[[#This Row],[wat_bas_u]],0) -> 100 | Y26: =IF(AND(COUNTIFS($A:$A,A26)>1, COUNTIFS($A:$A,A26,$E:$E,">99")=COUNTIFS($A:$A,A26)), "full access", "not full access") -> full access | Z26: =IF(AND(COUNTIFS($A:$A,A26)>1, COUNTIFS($A:$A,A26,$I:$I,">99")=COUNTIFS($A:$A,A26)), "full access", "not full access") -> full access | AA26: =IF(AND(COUNTIFS($A:$A,A26)>1, COUNTIFS($A:$A,A26,$M:$M,">99")=COUNTIFS($A:$A,A26)), "full access", "not full access") -> full access
A27: Austria | B27: 2020 | C27: 9006.4004 | D27: 58.748001 | E27: 100 | F27: 0 | G27: 0 | H27: 0 | I27: 100 | J27: 0 | K27: 0 | L27: 0 | M27: 100 | N27: 0 | O27: 0 | P27: 0 | Q27: 5 | R27: 0 | S27: 0 | T27: 0 | U27: =ABS(Sheet1[[#This Row],[ARC_r]]-Sheet1[[#This Row],[ARC_u]]) -> 0 | V27: =ROUND(Sheet1[[#This Row],[wat_bas_n]],0) -> 100 | W27: =ROUND(Sheet1[[#This Row],[wat_bas_r]],0) -> 100 | X27: =ROUND(Sheet1[[#This Row],[wat_bas_u]],0) -> 100 | Y27: =IF(AND(COUNTIFS($A:$A,A27)>1, COUNTIFS($A:$A,A27,$E:$E,">99")=COUNTIFS($A:$A,A27)), "full access", "not full access") -> full access | Z27: =IF(AND(COUNTIFS($A:$A,A27)>1, COUNTIFS($A:$A,A27,$I:$I,">99")=COUNTIFS($A:$A,A27)), "full access", "not full access") -> full access | AA27: =IF(AND(COUNTIFS($A:$A,A27)>1, COUNTIFS($A:$A,A27,$M:$M,">99")=COUNTIFS($A:$A,A27)), "full access", "not full access") -> full access
A28: Azerbaijan | B28: 2015 | C28: 9622.7412 | D28: 54.714001 | E28: 92.420314 | F28: 1.0022424 | G28: 4.3650895 | H28: 2.2123541 | I28: 84.143213 | J28: 2.2131397 | K28: 8.988206 | L28: 4.655441 | M28: 99.271152 | N28: 0 | O28: 0.53860203 | P28: 0.19024593 | U28: =ABS(Sheet1[[#This Row],[ARC_r]]-Sheet1[[#This Row],[ARC_u]]) -> 0 | V28: =ROUND(Sheet1[[#This Row],[wat_bas_n]],0) -> 92 | W28: =ROUND(Sheet1[[#This Row],[wat_bas_r]],0) -> 84 | X28: =ROUND(Sheet1[[#This Row],[wat_bas_u]],0) -> 99 | Y28: =IF(AND(COUNTIFS($A:$A,A28)>1, COUNTIFS($A:$A,A28,$E:$E,">99")=COUNTIFS($A:$A,A28)), "full access", "not full access") -> not full access | Z28: =IF(AND(COUNTIFS($A:$A,A28)>1, COUNTIFS($A:$A,A28,$I:$I,">99")=COUNTIFS($A:$A,A28)), "full access", "not full access") -> not full access | AA28: =IF(AND(COUNTIFS($A:$A,A28)>1, COUNTIFS($A:$A,A28,$M:$M,">99")=COUNTIFS($A:$A,A28)), "full access", "not full access") -> full access
A29: Azerbaijan | B29: 2020 | C29: 10139.175 | D29: 56.397003 | E29: 96.043376 | F29: 1.0427812 | G29: 2.9138427 | H29: 0 | I29: 90.925798 | J29: 2.3915357 | K29: 6.6826664 | L29: 0 | M29: 100 | N29: 0 | O29: 0 | P29: 0 | Q29: 5 | R29: 0.72461243 | S29: 1.3565169 | T29: 0.14576959 | U29: =ABS(Sheet1[[#This Row],[ARC_r]]-Sheet1[[#This Row],[ARC_u]]) -> 1.2107473 | V29: =ROUND(Sheet1[[#This Row],[wat_bas_n]],0) -> 96 | W29: =ROUND(Sheet1[[#This Row],[wat_bas_r]],0) -> 91 | X29: =ROUND(Sheet1[[#This Row],[wat_bas_u]],0) -> 100 | Y29: =IF(AND(COUNTIFS($A:$A,A29)>1, COUNTIFS($A:$A,A29,$E:$E,">99")=COUNTIFS($A:$A,A29)), "full access", "not full access") -> not full access | Z29: =IF(AND(COUNTIFS($A:$A,A29)>1, COUNTIFS($A:$A,A29,$I:$I,">99")=COUNTIFS($A:$A,A29)), "full access", "not full access") -> not full access | AA29: =IF(AND(COUNTIFS($A:$A,A29)>1, COUNTIFS($A:$A,A29,$M:$M,">99")=COUNTIFS($A:$A,A29)), "full access", "not full access") -> full access
A30: Bahamas | B30: 2015 | C30: 374.20001 | D30: 82.745995 | E30: 98.886961 | F30: 0 | G30: 1.1130395 | H30: 0 | U30: =ABS(Sheet1[[#This Row],[ARC_r]]-Sheet1[[#This Row],[ARC_u]]) -> 0 | V30: =ROUND(Sheet1[[#This Row],[wat_bas_n]],0) -> 99 | W30: =ROUND(Sheet1[[#This Row],[wat_bas_r]],0) -> 0 | X30: =ROUND(Sheet1[[#This Row],[wat_bas_u]],0) -> 0 | Y30: =IF(AND(COUNTIFS($A:$A,A30)>1, COUNTIFS($A:$A,A30,$E:$E,">99")=COUNTIFS($A:$A,A30)), "full access", "not full access") -> not full access | Z30: =IF(AND(COUNTIFS($A:$A,A30)>1, COUNTIFS($A:$A,A30,$I:$I,">99")=COUNTIFS($A:$A,A30)), "full access", "not full access") -> not full access | AA30: =IF(AND(COUNTIFS($A:$A,A30)>1, COUNTIFS($A:$A,A30,$M:$M,">99")=COUNTIFS($A:$A,A30)), "full access", "not full access") -> not full access
A31: Bahamas | B31: 2019 | C31: 389.48599 | D31: 83.131996 | E31: 98.886961 | F31: 0 | G31: 1.1130395 | H31: 0 | Q31: 4 | R31: 0 | U31: =ABS(Sheet1[[#This Row],[ARC_r]]-Sheet1[[#This Row],[ARC_u]]) -> 0 | V31: =ROUND(Sheet1[[#This Row],[wat_bas_n]],0) -> 99 | W31: =ROUND(Sheet1[[#This Row],[wat_bas_r]],0) -> 0 | X31: =ROUND(Sheet1[[#This Row],[wat_bas_u]],0) -> 0 | Y31: =IF(AND(COUNTIFS($A:$A,A31)>1, COUNTIFS($A:$A,A31,$E:$E,">99")=COUNTIFS($A:$A,A31)), "full access", "not full access") -> not full access | Z31: =IF(AND(COUNTIFS($A:$A,A31)>1, COUNTIFS($A:$A,A31,$I:$I,">99")=COUNTIFS($A:$A,A31)), "full access", "not full access") -> not full access | AA31: =IF(AND(COUNTIFS($A:$A,A31)>1, COUNTIFS($A:$A,A31,$M:$M,">99")=COUNTIFS($A:$A,A31)), "full access", "not full access") -> not full access
A32: Bahrain | B32: 2015 | C32: 1371.853 | D32: 88.998993 | E32: 100 | F32: 0 | G32: 0 | H32: 0 | U32: =ABS(Sheet1[[#This Row],[ARC_r]]-Sheet1[[#This Row],[ARC_u]]) -> 0 | V32: =ROUND(Sheet1[[#This Row],[wat_bas_n]],0) -> 100 | W32: =ROUND(Sheet1[[#This Row],[wat_bas_r]],0) -> 0 | X32: =ROUND(Sheet1[[#This Row],[wat_bas_u]],0) -> 0 | Y32: =IF(AND(COUNTIFS($A:$A,A32)>1, COUNTIFS($A:$A,A32,$E:$E,">99")=COUNTIFS($A:$A,A32)), "full access", "not full access") -> full access | Z32: =IF(AND(COUNTIFS($A:$A,A32)>1, COUNTIFS($A:$A,A32,$I:$I,">99")=COUNTIFS($A:$A,A32)), "full access", "not full access") -> not full access | AA32: =IF(AND(COUNTIFS($A:$A,A32)>1, COUNTIFS($A:$A,A32,$M:$M,">99")=COUNTIFS($A:$A,A32)), "full access", "not full access") -> not full access
A33: Bahrain | B33: 2020 | C33: 1701.583 | D33: 89.506004 | E33: 100 | F33: 0 | G33: 0 | H33: 0 | Q33: 5 | R33: 0 | U33: =ABS(Sheet1[[#This Row],[ARC_r]]-Sheet1[[#This Row],[ARC_u]]) -> 0 | V33: =ROUND(Sheet1[[#This Row],[wat_bas_n]],0) -> 100 | W33: =ROUND(Sheet1[[#This Row],[wat_bas_r]],0) -> 0 | X33: =ROUND(Sheet1[[#This Row],[wat_bas_u]],0) -> 0 | Y33: =IF(AND(COUNTIFS($A:$A,A33)>1, COUNTIFS($A:$A,A33,$E:$E,">99")=COUNTIFS($A:$A,A33)), "full access", "not full access") -> full access | Z33: =IF(AND(COUNTIFS($A:$A,A33)>1, COUNTIFS($A:$A,A33,$I:$I,">99")=COUNTIFS($A:$A,A33)), "full access", "not full access") -> not full access | AA33: =IF(AND(COUNTIFS($A:$A,A33)>1, COUNTIFS($A:$A,A33,$M:$M,">99")=COUNTIFS($A:$A,A33)), "full access", "not full access") -> not full access
A34: Bangladesh | B34: 2015 | C34: 156256.28 | D34: 34.308002 | E34: 97.101602 | F34: 1.087989 | G34: 0.72156166 | H34: 1.0888469 | I34: 96.773011 | J34: 1.0462142 | K34: 0.73174732 | L34: 1.4490272 | M34: 97.73078 | N34: 1.1679782 | O34: 0.70205843 | P34: 0.39918371 | U34: =ABS(Sheet1[[#This Row],[ARC_r]]-Sheet1[[#This Row],[ARC_u]]) -> 0 | V34: =ROUND(Sheet1[[#This Row],[wat_bas_n]],0) -> 97 | W34: =ROUND(Sheet1[[#This Row],[wat_bas_r]],0) -> 97 | X34: =ROUND(Sheet1[[#This Row],[wat_bas_u]],0) -> 98 | Y34: =IF(AND(COUNTIFS($A:$A,A34)>1, COUNTIFS($A:$A,A34,$E:$E,">99")=COUNTIFS($A:$A,A34)), "full access", "not full access") -> not full access | Z34: =IF(AND(COUNTIFS($A:$A,A34)>1, COUNTIFS($A:$A,A34,$I:$I,">99")=COUNTIFS($A:$A,A34)), "full access", "not full access") -> not full access | AA34: =IF(AND(COUNTIFS($A:$A,A34)>1, COUNTIFS($A:$A,A34,$M:$M,">99")=COUNTIFS($A:$A,A34)), "full access", "not full access") -> not full access
A35: Bangladesh | B35: 2020 | C35: 164689.39 | D35: 38.177002 | E35: 97.69796 | F35: 1.1564259 | G35: 0.4626557 | H35: 0.68295817 | I35: 97.880238 | J35: 0.85810498 | K35: 0.31648024 | L35: 0.94517702 | M35: 97.402778 | N35: 1.6395201 | O35: 0.69937521 | P35: 0.25832669 | Q35: 5 | R35: 0.11927156 | S35: 0.2214453 | T35: -0.065600342 | U35: =ABS(Sheet1[[#This Row],[ARC_r]]-Sheet1[[#This Row],[ARC_u]]) -> 0.28704564 | V35: =ROUND(Sheet1[[#This Row],[wat_bas_n]],0) -> 98 | W35: =ROUND(Sheet1[[#This Row],[wat_bas_r]],0) -> 98 | X35: =ROUND(Sheet1[[#This Row],[wat_bas_u]],0) -> 97 | Y35: =IF(AND(COUNTIFS($A:$A,A35)>1, COUNTIFS($A:$A,A35,$E:$E,">99")=COUNTIFS($A:$A,A35)), "full access", "not full access") -> not full access | Z35: =IF(AND(COUNTIFS($A:$A,A35)>1, COUNTIFS($A:$A,A35,$I:$I,">99")=COUNTIFS($A:$A,A35)), "full access", "not full access") -> not full access | AA35: =IF(AND(COUNTIFS($A:$A,A35)>1, COUNTIFS($A:$A,A35,$M:$M,">99")=COUNTIFS($A:$A,A35)), "full access", "not full access") -> not full access
A36: Barbados | B36: 2015 | C36: 285.327 | D36: 31.248999 | E36: 98.474445 | F36: 0.26749191 | G36: 1.2580634 | H36: 0 | U36: =ABS(Sheet1[[#This Row],[ARC_r]]-Sheet1[[#This Row],[ARC_u]]) -> 0 | V36: =ROUND(Sheet1[[#This Row],[wat_bas_n]],0) -> 98 | W36: =ROUND(Sheet1[[#This Row],[wat_bas_r]],0) -> 0 | X36: =ROUND(Sheet1[[#This Row],[wat_bas_u]],0) -> 0 | Y36: =IF(AND(COUNTIFS($A:$A,A36)>1, COUNTIFS($A:$A,A36,$E:$E,">99")=COUNTIFS($A:$A,A36)), "full access", "not full access") -> not full access | Z36: =IF(AND(COUNTIFS($A:$A,A36)>1, COUNTIFS($A:$A,A36,$I:$I,">99")=COUNTIFS($A:$A,A36)), "full access", "not full access") -> not full access | AA36: =IF(AND(COUNTIFS($A:$A,A36)>1, COUNTIFS($A:$A,A36,$M:$M,">99")=COUNTIFS($A:$A,A36)), "full access", "not full access") -> not full access
A37: Barbados | B37: 2020 | C37: 287.371 | D37: 31.191 | E37: 98.51445 | F37: 0.26760058 | G37: 1.217949 | H37: 0 | Q37: 5 | R37: 0.008001136 | U37: =ABS(Sheet1[[#This Row],[ARC_r]]-Sheet1[[#This Row],[ARC_u]]) -> 0 | V37: =ROUND(Sheet1[[#This Row],[wat_bas_n]],0) -> 99 | W37: =ROUND(Sheet1[[#This Row],[wat_bas_r]],0) -> 0 | X37: =ROUND(Sheet1[[#This Row],[wat_bas_u]],0) -> 0 | Y37: =IF(AND(COUNTIFS($A:$A,A37)>1, COUNTIFS($A:$A,A37,$E:$E,">99")=COUNTIFS($A:$A,A37)), "full access", "not full access") -> not full access | Z37: =IF(AND(COUNTIFS($A:$A,A37)>1, COUNTIFS($A:$A,A37,$I:$I,">99")=COUNTIFS($A:$A,A37)), "full access", "not full access") -> not full access | AA37: =IF(AND(COUNTIFS($A:$A,A37)>1, COUNTIFS($A:$A,A37,$M:$M,">99")=COUNTIFS($A:$A,A37)), "full access", "not full access") -> not full access
A38: Belarus | B38: 2015 | C38: 9439.4238 | D38: 77.181 | E38: 96.477067 | F38: 3.3001301 | G38: 0.2228028 | H38: 0 | I38: 98.330672 | J38: 0.99323911 | K38: 0.67608929 | L38: 0 | M38: 95.929035 | N38: 3.9821754 | O38: 0.088789424 | P38: 0 | U38: =ABS(Sheet1[[#This Row],[ARC_r]]-Sheet1[[#This Row],[ARC_u]]) -> 0 | V38: =ROUND(Sheet1[[#This Row],[wat_bas_n]],0) -> 96 | W38: =ROUND(Sheet1[[#This Row],[wat_bas_r]],0) -> 98 | X38: =ROUND(Sheet1[[#This Row],[wat_bas_u]],0) -> 96 | Y38: =IF(AND(COUNTIFS($A:$A,A38)>1, COUNTIFS($A:$A,A38,$E:$E,">99")=COUNTIFS($A:$A,A38)), "full access", "not full access") -> not full access | Z38: =IF(AND(COUNTIFS($A:$A,A38)>1, COUNTIFS($A:$A,A38,$I:$I,">99")=COUNTIFS($A:$A,A38)), "full access", "not full access") -> not full access | AA38: =IF(AND(COUNTIFS($A:$A,A38)>1, COUNTIFS($A:$A,A38,$M:$M,">99")=COUNTIFS($A:$A,A38)), "full access", "not full access") -> not full access
A39: Belarus | B39: 2020 | C39: 9449.3213 | D39: 79.483002 | E39: 96.534726 | F39: 3.3721195 | G39: 0.093154368 | H39: 0 | I39: 98.564122 | J39: 0.9955972 | K39: 0.44028049 | L39: 0 | M39: 96.010874 | N39: 3.9855726 | O39: 0.003553732 | P39: 0 | Q39: 5 | R39: 0.011531798 | S39: 0.046690142 | T39: 0.016367688 | U39: =ABS(Sheet1[[#This Row],[ARC_r]]-Sheet1[[#This Row],[ARC_u]]) -> 0.030322454 | V39: =ROUND(Sheet1[[#This Row],[wat_bas_n]],0) -> 97 | W39: =ROUND(Sheet1[[#This Row],[wat_bas_r]],0) -> 99 | X39: =ROUND(Sheet1[[#This Row],[wat_bas_u]],0) -> 96 | Y39: =IF(AND(COUNTIFS($A:$A,A39)>1, COUNTIFS($A:$A,A39,$E:$E,">99")=COUNTIFS($A:$A,A39)), "full access", "not full access") -> not full access | Z39: =IF(AND(COUNTIFS($A:$A,A39)>1, COUNTIFS($A:$A,A39,$I:$I,">99")=COUNTIFS($A:$A,A39)), "full access", "not full access") -> not full access | AA39: =IF(AND(COUNTIFS($A:$A,A39)>1, COUNTIFS($A:$A,A39,$M:$M,">99")=COUNTIFS($A:$A,A39)), "full access", "not full access") -> not full access
A40: Belgium | B40: 2015 | C40: 11287.931 | D40: 97.875999 | E40: 99.999998 | F40: 0 | G40: 2.2980245e-06 | H40: 0 | I40: 100 | J40: 0 | K40: 0 | L40: 0 | M40: 100 | N40: 0 | O40: 0 | P40: 0 | U40: =ABS(Sheet1[[#This Row],[ARC_r]]-Sheet1[[#This Row],[ARC_u]]) -> 0 | V40: =ROUND(Sheet1[[#This Row],[wat_bas_n]],0) -> 100 | W40: =ROUND(Sheet1[[#This Row],[wat_bas_r]],0) -> 100 | X40: =ROUND(Sheet1[[#This Row],[wat_bas_u]],0) -> 100 | Y40: =IF(AND(COUNTIFS($A:$A,A40)>1, COUNTIFS($A:$A,A40,$E:$E,">99")=COUNTIFS($A:$A,A40)), "full access", "not full access") -> full access | Z40: =IF(AND(COUNTIFS($A:$A,A40)>1, COUNTIFS($A:$A,A40,$I:$I,">99")=COUNTIFS($A:$A,A40)), "full access", "not full access") -> full access | AA40: =IF(AND(COUNTIFS($A:$A,A40)>1, COUNTIFS($A:$A,A40,$M:$M,">99")=COUNTIFS($A:$A,A40)), "full access", "not full access") -> full access
A41: Belgium | B41: 2020 | C41: 11589.616 | D41: 98.078995 | E41: 99.999996 | F41: 0 | G41: 3.5547968e-06 | H41: 0 | I41: 100 | J41: 0 | K41: 0 | L41: 0 | M41: 100 | N41: 0 | O41: 0 | P41: 0 | Q41: 5 | R41: -2.5e-07 | S41: 0 | T41: 0 | U41: =ABS(Sheet1[[#This Row],[ARC_r]]-Sheet1[[#This Row],[ARC_u]]) -> 0 | V41: =ROUND(Sheet1[[#This Row],[wat_bas_n]],0) -> 100 | W41: =ROUND(Sheet1[[#This Row],[wat_bas_r]],0) -> 100 | X41: =ROUND(Sheet1[[#This Row],[wat_bas_u]],0) -> 100 | Y41: =IF(AND(COUNTIFS($A:$A,A41)>1, COUNTIFS($A:$A,A41,$E:$E,">99")=COUNTIFS($A:$A,A41)), "full access", "not full access") -> full access | Z41: =IF(AND(COUNTIFS($A:$A,A41)>1, COUNTIFS($A:$A,A41,$I:$I,">99")=COUNTIFS($A:$A,A41)), "full access", "not full access") -> full access | AA41: =IF(AND(COUNTIFS($A:$A,A41)>1, COUNTIFS($A:$A,A41,$M:$M,">99")=COUNTIFS($A:$A,A41)), "full access", "not full access") -> full access
A42: Belize | B42: 2015 | C42: 360.92599 | D42: 45.405998 | E42: 97.175595 | F42: 1.2279405 | G42: 1.5682225 | H42: 0.028241988 | I42: 95.653832 | J42: 1.421919 | K42: 2.872518 | L42: 0.051730936 | M42: 99.00529 | N42: 0.99471 | O42: 0 | P42: 0 | U42: =ABS(Sheet1[[#This Row],[ARC_r]]-Sheet1[[#This Row],[ARC_u]]) -> 0 | V42: =ROUND(Sheet1[[#This Row],[wat_bas_n]],0) -> 97 | W42: =ROUND(Sheet1[[#This Row],[wat_bas_r]],0) -> 96 | X42: =ROUND(Sheet1[[#This Row],[wat_bas_u]],0) -> 99 | Y42: =IF(AND(COUNTIFS($A:$A,A42)>1, COUNTIFS($A:$A,A42,$E:$E,">99")=COUNTIFS($A:$A,A42)), "full access", "not full access") -> not full access | Z42: =IF(AND(COUNTIFS($A:$A,A42)>1, COUNTIFS($A:$A,A42,$I:$I,">99")=COUNTIFS($A:$A,A42)), "full access", "not full access") -> not full access | AA42: =IF(AND(COUNTIFS($A:$A,A42)>1, COUNTIFS($A:$A,A42,$M:$M,">99")=COUNTIFS($A:$A,A42)), "full access", "not full access") -> not full access
A43: Belize | B43: 2020 | C43: 397.621 | D43: 46.025002 | E43: 98.401955 | F43: 1.2491106 | G43: 0.34893474 | H43: 0 | I43: 97.995208 | J43: 1.3583177 | K43: 0.64647474 | L43: 0 | M43: 98.87896 | N43: 1.12104 | O43: 0 | P43: 0 | Q43: 5 | R43: 0.24527193 | S43: 0.4682751 | T43: -0.025266 | U43: =ABS(Sheet1[[#This Row],[ARC_r]]-Sheet1[[#This Row],[ARC_u]]) -> 0.4935411 | V43: =ROUND(Sheet1[[#This Row],[wat_bas_n]],0) -> 98 | W43: =ROUND(Sheet1[[#This Row],[wat_bas_r]],0) -> 98 | X43: =ROUND(Sheet1[[#This Row],[wat_bas_u]],0) -> 99 | Y43: =IF(AND(COUNTIFS($A:$A,A43)>1, COUNTIFS($A:$A,A43,$E:$E,">99")=COUNTIFS($A:$A,A43)), "full access", "not full access") -> not full access | Z43: =IF(AND(COUNTIFS($A:$A,A43)>1, COUNTIFS($A:$A,A43,$I:$I,">99")=COUNTIFS($A:$A,A43)), "full access", "not full access") -> not full access | AA43: =IF(AND(COUNTIFS($A:$A,A43)>1, COUNTIFS($A:$A,A43,$M:$M,">99")=COUNTIFS($A:$A,A43)), "full access", "not full access") -> not full access
A44: Benin | B44: 2015 | C44: 10575.962 | D44: 45.695004 | E44: 64.786822 | F44: 8.7154707 | G44: 21.298464 | H44: 5.1992427 | I44: 56.784352 | J44: 11.703371 | K44: 23.774979 | L44: 7.7372983 | M44: 74.297143 | N44: 5.1645812 | O44: 18.355318 | P44: 2.1829588 | U44: =ABS(Sheet1[[#This Row],[ARC_r]]-Sheet1[[#This Row],[ARC_u]]) -> 0 | V44: =ROUND(Sheet1[[#This Row],[wat_bas_n]],0) -> 65 | W44: =ROUND(Sheet1[[#This Row],[wat_bas_r]],0) -> 57 | X44: =ROUND(Sheet1[[#This Row],[wat_bas_u]],0) -> 74 | Y44: =IF(AND(COUNTIFS($A:$A,A44)>1, COUNTIFS($A:$A,A44,$E:$E,">99")=COUNTIFS($A:$A,A44)), "full access", "not full access") -> not full access | Z44: =IF(AND(COUNTIFS($A:$A,A44)>1, COUNTIFS($A:$A,A44,$I:$I,">99")=COUNTIFS($A:$A,A44)), "full access", "not full access") -> not full access | AA44: =IF(AND(COUNTIFS($A:$A,A44)>1, COUNTIFS($A:$A,A44,$M:$M,">99")=COUNTIFS($A:$A,A44)), "full access", "not full access") -> not full access
A45: Benin | B45: 2020 | C45: 12123.198 | D45: 48.414997 | E45: 65.414123 | F45: 9.3175356 | G45: 21.972541 | H45: 3.2958005 | I45: 58.052268 | J45: 12.705205 | K45: 23.977968 | L45: 5.2645586 | M45: 73.258 | N45: 5.7080564 | O45: 19.835807 | P45: 1.1981368 | Q45: 5 | R45: 0.12546014 | S45: 0.2535831 | T45: -0.2078285 | U45: =ABS(Sheet1[[#This Row],[ARC_r]]-Sheet1[[#This Row],[ARC_u]]) -> 0.46141161 | V45: =ROUND(Sheet1[[#This Row],[wat_bas_n]],0) -> 65 | W45: =ROUND(Sheet1[[#This Row],[wat_bas_r]],0) -> 58 | X45: =ROUND(Sheet1[[#This Row],[wat_bas_u]],0) -> 73 | Y45: =IF(AND(COUNTIFS($A:$A,A45)>1, COUNTIFS($A:$A,A45,$E:$E,">99")=COUNTIFS($A:$A,A45)), "full access", "not full access") -> not full access | Z45: =IF(AND(COUNTIFS($A:$A,A45)>1, COUNTIFS($A:$A,A45,$I:$I,">99")=COUNTIFS($A:$A,A45)), "full access", "not full access") -> not full access | AA45: =IF(AND(COUNTIFS($A:$A,A45)>1, COUNTIFS($A:$A,A45,$M:$M,">99")=COUNTIFS($A:$A,A45)), "full access", "not full access") -> not full access
A46: Bermuda | B46: 2015 | C46: 63.695 | D46: 100 | E46: 99.90314 | F46: 0 | G46: 0.096859983 | H46: 0 | M46: 99.90314 | N46: 0 | O46: 0.096859983 | P46: 0 | U46: =ABS(Sheet1[[#This Row],[ARC_r]]-Sheet1[[#This Row],[ARC_u]]) -> 0 | V46: =ROUND(Sheet1[[#This Row],[wat_bas_n]],0) -> 100 | W46: =ROUND(Sheet1[[#This Row],[wat_bas_r]],0) -> 0 | X46: =ROUND(Sheet1[[#This Row],[wat_bas_u]],0) -> 100 | Y46: =IF(AND(COUNTIFS($A:$A,A46)>1, COUNTIFS($A:$A,A46,$E:$E,">99")=COUNTIFS($A:$A,A46)), "full access", "not full access") -> full access | Z46: =IF(AND(COUNTIFS($A:$A,A46)>1, COUNTIFS($A:$A,A46,$I:$I,">99")=COUNTIFS($A:$A,A46)), "full access", "not full access") -> not full access | AA46: =IF(AND(COUNTIFS($A:$A,A46)>1, COUNTIFS($A:$A,A46,$M:$M,">99")=COUNTIFS($A:$A,A46)), "full access", "not full access") -> full access
A47: Bermuda | B47: 2020 | C47: 62.272999 | D47: 100 | E47: 99.90314 | F47: 0 | G47: 0.096859983 | H47: 0 | M47: 99.90314 | N47: 0 | O47: 0.096859983 | P47: 0 | Q47: 5 | R47: 0 | T47: 0 | U47: =ABS(Sheet1[[#This Row],[ARC_r]]-Sheet1[[#This Row],[ARC_u]]) -> 0 | V47: =ROUND(Sheet1[[#This Row],[wat_bas_n]],0) -> 100 | W47: =ROUND(Sheet1[[#This Row],[wat_bas_r]],0) -> 0 | X47: =ROUND(Sheet1[[#This Row],[wat_bas_u]],0) -> 100 | Y47: =IF(AND(COUNTIFS($A:$A,A47)>1, COUNTIFS($A:$A,A47,$E:$E,">99")=COUNTIFS($A:$A,A47)), "full access", "not full access") -> full access | Z47: =IF(AND(COUNTIFS($A:$A,A47)>1, COUNTIFS($A:$A,A47,$I:$I,">99")=COUNTIFS($A:$A,A47)), "full access", "not full access") -> not full access | AA47: =IF(AND(COUNTIFS($A:$A,A47)>1, COUNTIFS($A:$A,A47,$M:$M,">99")=COUNTIFS($A:$A,A47)), "full access", "not full access") -> full access
A48: Bhutan | B48: 2015 | C48: 727.88501 | D48: 38.678001 | E48: 96.221423 | F48: 2.4965963 | G48: 0.29618738 | H48: 0.98579374 | I48: 95.164363 | J48: 3.2158589 | K48: 0.1935987 | L48: 1.4261794 | M48: 97.897337 | N48: 1.356242 | O48: 0.45883649 | P48: 0.2875847 | U48: =ABS(Sheet1[[#This Row],[ARC_r]]-Sheet1[[#This Row],[ARC_u]]) -> 0 | V48: =ROUND(Sheet1[[#This Row],[wat_bas_n]],0) -> 96 | W48: =ROUND(Sheet1[[#This Row],[wat_bas_r]],0) -> 95 | X48: =ROUND(Sheet1[[#This Row],[wat_bas_u]],0) -> 98 | Y48: =IF(AND(COUNTIFS($A:$A,A48)>1, COUNTIFS($A:$A,A48,$E:$E,">99")=COUNTIFS($A:$A,A48)), "full access", "not full access") -> not full access | Z48: =IF(AND(COUNTIFS($A:$A,A48)>1, COUNTIFS($A:$A,A48,$I:$I,">99")=COUNTIFS($A:$A,A48)), "full access", "not full access") -> not full access | AA48: =IF(AND(COUNTIFS($A:$A,A48)>1, COUNTIFS($A:$A,A48,$M:$M,">99")=COUNTIFS($A:$A,A48)), "full access", "not full access") -> not full access
A49: Bhutan | B49: 2020 | C49: 771.612 | D49: 42.315998 | E49: 97.313223 | F49: 2.4607126 | G49: 0.17642422 | H49: 0.049640541 | I49: 96.731194 | J49: 3.2688064 | K49: 0 | L49: 0 | M49: 98.106628 | N49: 1.3591415 | O49: 0.41692085 | P49: 0.11730916 | Q49: 5 | R49: 0.21836001 | S49: 0.31336614 | T49: 0.041858342 | U49: =ABS(Sheet1[[#This Row],[ARC_r]]-Sheet1[[#This Row],[ARC_u]]) -> 0.2715078 | V49: =ROUND(Sheet1[[#This Row],[wat_bas_n]],0) -> 97 | W49: =ROUND(Sheet1[[#This Row],[wat_bas_r]],0) -> 97 | X49: =ROUND(Sheet1[[#This Row],[wat_bas_u]],0) -> 98 | Y49: =IF(AND(COUNTIFS($A:$A,A49)>1, COUNTIFS($A:$A,A49,$E:$E,">99")=COUNTIFS($A:$A,A49)), "full access", "not full access") -> not full access | Z49: =IF(AND(COUNTIFS($A:$A,A49)>1, COUNTIFS($A:$A,A49,$I:$I,">99")=COUNTIFS($A:$A,A49)), "full access", "not full access") -> not full access | AA49: =IF(AND(COUNTIFS($A:$A,A49)>1, COUNTIFS($A:$A,A49,$M:$M,">99")=COUNTIFS($A:$A,A49)), "full access", "not full access") -> not full access
A50: Bolivia (Plurinational State of) | B50: 2015 | C50: 10869.732 | D50: 68.392998 | E50: 90.462141 | F50: 0.1728984 | G50: 2.8324572 | H50: 6.5325034 | I50: 73.74018 | J50: 0.33996878 | K50: 5.9118005 | L50: 20.00805 | M50: 98.189997 | N50: 0.095688834 | O50: 1.4093725 | P50: 0.30494161 | U50: =ABS(Sheet1[[#This Row],[ARC_r]]-Sheet1[[#This Row],[ARC_u]]) -> 0 | V50: =ROUND(Sheet1[[#This Row],[wat_bas_n]],0) -> 90 | W50: =ROUND(Sheet1[[#This Row],[wat_bas_r]],0) -> 74 | X50: =ROUND(Sheet1[[#This Row],[wat_bas_u]],0) -> 98 | Y50: =IF(AND(COUNTIFS($A:$A,A50)>1, COUNTIFS($A:$A,A50,$E:$E,">99")=COUNTIFS($A:$A,A50)), "full access", "not full access") -> not full access | Z50: =IF(AND(COUNTIFS($A:$A,A50)>1, COUNTIFS($A:$A,A50,$I:$I,">99")=COUNTIFS($A:$A,A50)), "full access", "not full access") -> not full access | AA50: =IF(AND(COUNTIFS($A:$A,A50)>1, COUNTIFS($A:$A,A50,$M:$M,">99")=COUNTIFS($A:$A,A50)), "full access", "not full access") -> not full access
A51: Bolivia (Plurinational State of) | B51: 2020 | C51: 11673.029 | D51: 70.123001 | E51: 93.390072 | F51: 0.13659053 | G51: 1.5750108 | H51: 4.898327 | I51: 79.936643 | J51: 0.24473641 | K51: 3.9541337 | L51: 15.864487 | M51: 99.122118 | N51: 0.090513289 | O51: 0.56134538 | P51: 0.22602301 | Q51: 5 | R51: 0.58558612 | S51: 1.2392925 | T51: 0.18642425 | U51: =ABS(Sheet1[[#This Row],[ARC_r]]-Sheet1[[#This Row],[ARC_u]]) -> 1.0528683 | V51: =ROUND(Sheet1[[#This Row],[wat_bas_n]],0) -> 93 | W51: =ROUND(Sheet1[[#This Row],[wat_bas_r]],0) -> 80 | X51: =ROUND(Sheet1[[#This Row],[wat_bas_u]],0) -> 99 | Y51: =IF(AND(COUNTIFS($A:$A,A51)>1, COUNTIFS($A:$A,A51,$E:$E,">99")=COUNTIFS($A:$A,A51)), "full access", "not full access") -> not full access | Z51: =IF(AND(COUNTIFS($A:$A,A51)>1, COUNTIFS($A:$A,A51,$I:$I,">99")=COUNTIFS($A:$A,A51)), "full access", "not full access") -> not full access | AA51: =IF(AND(COUNTIFS($A:$A,A51)>1, COUNTIFS($A:$A,A51,$M:$M,">99")=COUNTIFS($A:$A,A51)), "full access", "not full access") -> not full access
A52: Bosnia and Herzegovina | B52: 2015 | C52: 3429.3621 | D52: 47.172997 | E52: 96.159844 | F52: 3.78007 | G52: 0.060085849 | H52: 0 | I52: 97.333333 | J52: 2.6666667 | K52: 0 | L52: 0 | M52: 94.845704 | N52: 5.0269222 | O52: 0.12737339 | P52: 0 | U52: =ABS(Sheet1[[#This Row],[ARC_r]]-Sheet1[[#This Row],[ARC_u]]) -> 0 | V52: =ROUND(Sheet1[[#This Row],[wat_bas_n]],0) -> 96 | W52: =ROUND(Sheet1[[#This Row],[wat_bas_r]],0) -> 97 | X52: =ROUND(Sheet1[[#This Row],[wat_bas_u]],0) -> 95 | Y52: =IF(AND(COUNTIFS($A:$A,A52)>1, COUNTIFS($A:$A,A52,$E:$E,">99")=COUNTIFS($A:$A,A52)), "full access", "not full access") -> not full access | Z52: =IF(AND(COUNTIFS($A:$A,A52)>1, COUNTIFS($A:$A,A52,$I:$I,">99")=COUNTIFS($A:$A,A52)), "full access", "not full access") -> not full access | AA52: =IF(AND(COUNTIFS($A:$A,A52)>1, COUNTIFS($A:$A,A52,$M:$M,">99")=COUNTIFS($A:$A,A52)), "full access", "not full access") -> not full access
A53: Bosnia and Herzegovina | B53: 2020 | C53: 3280.8149 | D53: 49.02 | E53: 96.113898 | F53: 3.8236639 | G53: 0.062438438 | H53: 0 | I53: 97.333333 | J53: 2.6666667 | K53: 0 | L53: 0 | M53: 94.845704 | N53: 5.0269222 | O53: 0.12737339 | P53: 0 | Q53: 5 | R53: -0.009189312 | S53: 0 | T53: 0 | U53: =ABS(Sheet1[[#This Row],[ARC_r]]-Sheet1[[#This Row],[ARC_u]]) -> 0 | V53: =ROUND(Sheet1[[#This Row],[wat_bas_n]],0) -> 96 | W53: =ROUND(Sheet1[[#This Row],[wat_bas_r]],0) -> 97 | X53: =ROUND(Sheet1[[#This Row],[wat_bas_u]],0) -> 95 | Y53: =IF(AND(COUNTIFS($A:$A,A53)>1, COUNTIFS($A:$A,A53,$E:$E,">99")=COUNTIFS($A:$A,A53)), "full access", "not full access") -> not full access | Z53: =IF(AND(COUNTIFS($A:$A,A53)>1, COUNTIFS($A:$A,A53,$I:$I,">99")=COUNTIFS($A:$A,A53)), "full access", "not full access") -> not full access | AA53: =IF(AND(COUNTIFS($A:$A,A53)>1, COUNTIFS($A:$A,A53,$M:$M,">99")=COUNTIFS($A:$A,A53)), "full access", "not full access") -> not full access
A54: Botswana | B54: 2015 | C54: 2120.7161 | D54: 67.154999 | E54: 88.44629 | F54: 8.4106142 | G54: 1.5783496 | H54: 1.5647467 | I54: 71.892534 | J54: 21.789328 | K54: 1.8541979 | L54: 4.4639407 | M54: 96.542603 | N54: 1.8671862 | O54: 1.4434385 | P54: 0.14677276 | U54: =ABS(Sheet1[[#This Row],[ARC_r]]-Sheet1[[#This Row],[ARC_u]]) -> 0 | V54: =ROUND(Sheet1[[#This Row],[wat_bas_n]],0) -> 88 | W54: =ROUND(Sheet1[[#This Row],[wat_bas_r]],0) -> 72 | X54: =ROUND(Sheet1[[#This Row],[wat_bas_u]],0) -> 97 | Y54: =IF(AND(COUNTIFS($A:$A,A54)>1, COUNTIFS($A:$A,A54,$E:$E,">99")=COUNTIFS($A:$A,A54)), "full access", "not full access") -> not full access | Z54: =IF(AND(COUNTIFS($A:$A,A54)>1, COUNTIFS($A:$A,A54,$I:$I,">99")=COUNTIFS($A:$A,A54)), "full access", "not full access") -> not full access | AA54: =IF(AND(COUNTIFS($A:$A,A54)>1, COUNTIFS($A:$A,A54,$M:$M,">99")=COUNTIFS($A:$A,A54)), "full access", "not full access") -> not full access
A55: Botswana | B55: 2020 | C55: 2351.625 | D55: 70.876999 | E55: 92.213563 | F55: 4.723039 | G55: 1.7325265 | H55: 1.3308715 | I55: 79.043724 | J55: 15.154947 | K55: 1.5961192 | L55: 4.2052098 | M55: 97.624981 | N55: 0.43662003 | O55: 1.7885792 | P55: 0.14982023 | Q55: 5 | R55: 0.75345471 | S55: 1.430238 | T55: 0.2164756 | U55: =ABS(Sheet1[[#This Row],[ARC_r]]-Sheet1[[#This Row],[ARC_u]]) -> 1.2137624 | V55: =ROUND(Sheet1[[#This Row],[wat_bas_n]],0) -> 92 | W55: =ROUND(Sheet1[[#This Row],[wat_bas_r]],0) -> 79 | X55: =ROUND(Sheet1[[#This Row],[wat_bas_u]],0) -> 98 | Y55: =IF(AND(COUNTIFS($A:$A,A55)>1, COUNTIFS($A:$A,A55,$E:$E,">99")=COUNTIFS($A:$A,A55)), "full access", "not full access") -> not full access | Z55: =IF(AND(COUNTIFS($A:$A,A55)>1, COUNTIFS($A:$A,A55,$I:$I,">99")=COUNTIFS($A:$A,A55)), "full access", "not full access") -> not full access | AA55: =IF(AND(COUNTIFS($A:$A,A55)>1, COUNTIFS($A:$A,A55,$M:$M,">99")=COUNTIFS($A:$A,A55)), "full access", "not full access") -> not full access
A56: Brazil | B56: 2015 | C56: 204471.77 | D56: 85.770004 | E56: 97.803568 | F56: 0.57950002 | G56: 0.47496571 | H56: 1.1419667 | I56: 88.756028 | J56: 2.8537736 | K56: 0.36513424 | L56: 8.025064 | M56: 99.304631 | N56: 0.20217793 | O56: 0.49319105 | P56: 0 | U56: =ABS(Sheet1[[#This Row],[ARC_r]]-Sheet1[[#This Row],[ARC_u]]) -> 0 | V56: =ROUND(Sheet1[[#This Row],[wat_bas_n]],0) -> 98 | W56: =ROUND(Sheet1[[#This Row],[wat_bas_r]],0) -> 89 | X56: =ROUND(Sheet1[[#This Row],[wat_bas_u]],0) -> 99 | Y56: =IF(AND(COUNTIFS($A:$A,A56)>1, COUNTIFS($A:$A,A56,$E:$E,">99")=COUNTIFS($A:$A,A56)), "full access", "not full access") -> not full access | Z56: =IF(AND(COUNTIFS($A:$A,A56)>1, COUNTIFS($A:$A,A56,$I:$I,">99")=COUNTIFS($A:$A,A56)), "full access", "not full access") -> not full access | AA56: =IF(AND(COUNTIFS($A:$A,A56)>1, COUNTIFS($A:$A,A56,$M:$M,">99")=COUNTIFS($A:$A,A56)), "full access", "not full access") -> full access
A57: Brazil | B57: 2020 | C57: 212559.41 | D57: 87.072998 | E57: 99.320853 | F57: 0.126549 | G57: 0.55259801 | I57: 95.94526 | J57: 0.97895092 | K57: 3.0757896 | M57: 99.822001 | N57: 0 | O57: 0.17799869 | P57: 0 | Q57: 5 | R57: 0.30345708 | S57: 1.4378463 | T57: 0.10347406 | U57: =ABS(Sheet1[[#This Row],[ARC_r]]-Sheet1[[#This Row],[ARC_u]]) -> 1.3343722 | V57: =ROUND(Sheet1[[#This Row],[wat_bas_n]],0) -> 99 | W57: =ROUND(Sheet1[[#This Row],[wat_bas_r]],0) -> 96 | X57: =ROUND(Sheet1[[#This Row],[wat_bas_u]],0) -> 100 | Y57: =IF(AND(COUNTIFS($A:$A,A57)>1, COUNTIFS($A:$A,A57,$E:$E,">99")=COUNTIFS($A:$A,A57)), "full access", "not full access") -> not full access | Z57: =IF(AND(COUNTIFS($A:$A,A57)>1, COUNTIFS($A:$A,A57,$I:$I,">99")=COUNTIFS($A:$A,A57)), "full access", "not full access") -> not full access | AA57: =IF(AND(COUNTIFS($A:$A,A57)>1, COUNTIFS($A:$A,A57,$M:$M,">99")=COUNTIFS($A:$A,A57)), "full access", "not full access") -> full access
A58: British Virgin Islands | B58: 2015 | C58: 29.148001 | D58: 46.583 | E58: 99.864384 | F58: 0 | G58: 0.13561644 | H58: 0 | U58: =ABS(Sheet1[[#This Row],[ARC_r]]-Sheet1[[#This Row],[ARC_u]]) -> 0 | V58: =ROUND(Sheet1[[#This Row],[wat_bas_n]],0) -> 100 | W58: =ROUND(Sheet1[[#This Row],[wat_bas_r]],0) -> 0 | X58: =ROUND(Sheet1[[#This Row],[wat_bas_u]],0) -> 0 | Y58: =IF(AND(COUNTIFS($A:$A,A58)>1, COUNTIFS($A:$A,A58,$E:$E,">99")=COUNTIFS($A:$A,A58)), "full access", "not full access") -> full access | Z58: =IF(AND(COUNTIFS($A:$A,A58)>1, COUNTIFS($A:$A,A58,$I:$I,">99")=COUNTIFS($A:$A,A58)), "full access", "not full access") -> not full access | AA58: =IF(AND(COUNTIFS($A:$A,A58)>1, COUNTIFS($A:$A,A58,$M:$M,">99")=COUNTIFS($A:$A,A58)), "full access", "not full access") -> not full access
A59: British Virgin Islands | B59: 2020 | C59: 30.237 | D59: 48.514999 | E59: 99.864384 | F59: 0 | G59: 0.13561644 | H59: 0 | Q59: 5 | R59: 0 | U59: =ABS(Sheet1[[#This Row],[ARC_r]]-Sheet1[[#This Row],[ARC_u]]) -> 0 | V59: =ROUND(Sheet1[[#This Row],[wat_bas_n]],0) -> 100 | W59: =ROUND(Sheet1[[#This Row],[wat_bas_r]],0) -> 0 | X59: =ROUND(Sheet1[[#This Row],[wat_bas_u]],0) -> 0 | Y59: =IF(AND(COUNTIFS($A:$A,A59)>1, COUNTIFS($A:$A,A59,$E:$E,">99")=COUNTIFS($A:$A,A59)), "full access", "not full access") -> full access | Z59: =IF(AND(COUNTIFS($A:$A,A59)>1, COUNTIFS($A:$A,A59,$I:$I,">99")=COUNTIFS($A:$A,A59)), "full access", "not full access") -> not full access | AA59: =IF(AND(COUNTIFS($A:$A,A59)>1, COUNTIFS($A:$A,A59,$M:$M,">99")=COUNTIFS($A:$A,A59)), "full access", "not full access") -> not full access
A60: Brunei Darussalam | B60: 2015 | C60: 414.914 | D60: 76.662994 | E60: 99.509976 | F60: 0 | G60: 0.39667583 | H60: 0.093348003 | I60: 99.05 | J60: 0 | K60: 0.55 | L60: 0.4 | M60: 99.65 | N60: 0 | O60: 0.35 | P60: 0 | U60: =ABS(Sheet1[[#This Row],[ARC_r]]-Sheet1[[#This Row],[ARC_u]]) -> 0 | V60: =ROUND(Sheet1[[#This Row],[wat_bas_n]],0) -> 100 | W60: =ROUND(Sheet1[[#This Row],[wat_bas_r]],0) -> 99 | X60: =ROUND(Sheet1[[#This Row],[wat_bas_u]],0) -> 100 | Y60: =IF(AND(COUNTIFS($A:$A,A60)>1, COUNTIFS($A:$A,A60,$E:$E,">99")=COUNTIFS($A:$A,A60)), "full access", "not full access") -> full access | Z60: =IF(AND(COUNTIFS($A:$A,A60)>1, COUNTIFS($A:$A,A60,$I:$I,">99")=COUNTIFS($A:$A,A60)), "full access", "not full access") -> not full access | AA60: =IF(AND(COUNTIFS($A:$A,A60)>1, COUNTIFS($A:$A,A60,$M:$M,">99")=COUNTIFS($A:$A,A60)), "full access", "not full access") -> full access
A61: Brunei Darussalam | B61: 2020 | C61: 437.483 | D61: 78.250008 | E61: 99.900037 | F61: 0 | G61: 0.0999632 | H61: 0 | M61: 99.65 | N61: 0 | O61: 0.35 | P61: 0 | Q61: 5 | R61: 0.078012128 | T61: 0 | U61: =ABS(Sheet1[[#This Row],[ARC_r]]-Sheet1[[#This Row],[ARC_u]]) -> 0 | V61: =ROUND(Sheet1[[#This Row],[wat_bas_n]],0) -> 100 | W61: =ROUND(Sheet1[[#This Row],[wat_bas_r]],0) -> 0 | X61: =ROUND(Sheet1[[#This Row],[wat_bas_u]],0) -> 100 | Y61: =IF(AND(COUNTIFS($A:$A,A61)>1, COUNTIFS($A:$A,A61,$E:$E,">99")=COUNTIFS($A:$A,A61)), "full access", "not full access") -> full access | Z61: =IF(AND(COUNTIFS($A:$A,A61)>1, COUNTIFS($A:$A,A61,$I:$I,">99")=COUNTIFS($A:$A,A61)), "full access", "not full access") -> not full access | AA61: =IF(AND(COUNTIFS($A:$A,A61)>1, COUNTIFS($A:$A,A61,$M:$M,">99")=COUNTIFS($A:$A,A61)), "full access", "not full access") -> full access
A62: Bulgaria | B62: 2015 | C62: 7199.7388 | D62: 73.989998 | E62: 99.196327 | F62: 0 | G62: 0.80367269 | H62: 0 | I62: 98.01614 | J62: 0 | K62: 1.9838597 | L62: 0 | M62: 99.611208 | N62: 0 | O62: 0.38879228 | P62: 0 | U62: =ABS(Sheet1[[#This Row],[ARC_r]]-Sheet1[[#This Row],[ARC_u]]) -> 0 | V62: =ROUND(Sheet1[[#This Row],[wat_bas_n]],0) -> 99 | W62: =ROUND(Sheet1[[#This Row],[wat_bas_r]],0) -> 98 | X62: =ROUND(Sheet1[[#This Row],[wat_bas_u]],0) -> 100 | Y62: =IF(AND(COUNTIFS($A:$A,A62)>1, COUNTIFS($A:$A,A62,$E:$E,">99")=COUNTIFS($A:$A,A62)), "full access", "not full access") -> full access | Z62: =IF(AND(COUNTIFS($A:$A,A62)>1, COUNTIFS($A:$A,A62,$I:$I,">99")=COUNTIFS($A:$A,A62)), "full access", "not full access") -> not full access | AA62: =IF(AND(COUNTIFS($A:$A,A62)>1, COUNTIFS($A:$A,A62,$M:$M,">99")=COUNTIFS($A:$A,A62)), "full access", "not full access") -> full access
A63: Bulgaria | B63: 2020 | C63: 6948.4448 | D63: 75.685997 | E63: 99.011417 | F63: 0 | G63: 0.98858306 | H63: 0 | I63: 97.401288 | J63: 0 | K63: 2.598712 | L63: 0 | M63: 99.52867 | N63: 0 | O63: 0.4713296 | P63: 0 | Q63: 5 | R63: -0.036982074 | S63: -0.12297047 | T63: -0.016507464 | U63: =ABS(Sheet1[[#This Row],[ARC_r]]-Sheet1[[#This Row],[ARC_u]]) -> 0.10646301 | V63: =ROUND(Sheet1[[#This Row],[wat_bas_n]],0) -> 99 | W63: =ROUND(Sheet1[[#This Row],[wat_bas_r]],0) -> 97 | X63: =ROUND(Sheet1[[#This Row],[wat_bas_u]],0) -> 100 | Y63: =IF(AND(COUNTIFS($A:$A,A63)>1, COUNTIFS($A:$A,A63,$E:$E,">99")=COUNTIFS($A:$A,A63)), "full access", "not full access") -> full access | Z63: =IF(AND(COUNTIFS($A:$A,A63)>1, COUNTIFS($A:$A,A63,$I:$I,">99")=COUNTIFS($A:$A,A63)), "full access", "not full access") -> not full access | AA63: =IF(AND(COUNTIFS($A:$A,A63)>1, COUNTIFS($A:$A,A63,$M:$M,">99")=COUNTIFS($A:$A,A63)), "full access", "not full access") -> full access
A64: Burkina Faso | B64: 2015 | C64: 18110.615 | D64: 27.530001 | E64: 50.137131 | F64: 25.673541 | G64: 22.430179 | H64: 1.759149 | I64: 38.855164 | J64: 30.202185 | K64: 28.648694 | L64: 2.2939571 | M64: 79.835792 | N64: 13.752335 | O64: 6.0605534 | P64: 0.35131982 | U64: =ABS(Sheet1[[#This Row],[ARC_r]]-Sheet1[[#This Row],[ARC_u]]) -> 0 | V64: =ROUND(Sheet1[[#This Row],[wat_bas_n]],0) -> 50 | W64: =ROUND(Sheet1[[#This Row],[wat_bas_r]],0) -> 39 | X64: =ROUND(Sheet1[[#This Row],[wat_bas_u]],0) -> 80 | Y64: =IF(AND(COUNTIFS($A:$A,A64)>1, COUNTIFS($A:$A,A64,$E:$E,">99")=COUNTIFS($A:$A,A64)), "full access", "not full access") -> not full access | Z64: =IF(AND(COUNTIFS($A:$A,A64)>1, COUNTIFS($A:$A,A64,$I:$I,">99")=COUNTIFS($A:$A,A64)), "full access", "not full access") -> not full access | AA64: =IF(AND(COUNTIFS($A:$A,A64)>1, COUNTIFS($A:$A,A64,$M:$M,">99")=COUNTIFS($A:$A,A64)), "full access", "not full access") -> not full access
A65: Burkina Faso | B65: 2020 | C65: 20903.277 | D65: 30.607 | E65: 47.214854 | F65: 31.273003 | G65: 21.158633 | H65: 0.3535095 | I65: 32.718259 | J65: 38.626903 | K65: 28.340446 | L65: 0.31439286 | M65: 80.081919 | N65: 14.600049 | O65: 4.8758365 | P65: 0.44219578 | Q65: 5 | R65: -0.58445533 | S65: -1.227381 | T65: 0.049225276 | U65: =ABS(Sheet1[[#This Row],[ARC_r]]-Sheet1[[#This Row],[ARC_u]]) -> 1.2766062 | V65: =ROUND(Sheet1[[#This Row],[wat_bas_n]],0) -> 47 | W65: =ROUND(Sheet1[[#This Row],[wat_bas_r]],0) -> 33 | X65: =ROUND(Sheet1[[#This Row],[wat_bas_u]],0) -> 80 | Y65: =IF(AND(COUNTIFS($A:$A,A65)>1, COUNTIFS($A:$A,A65,$E:$E,">99")=COUNTIFS($A:$A,A65)), "full access", "not full access") -> not full access | Z65: =IF(AND(COUNTIFS($A:$A,A65)>1, COUNTIFS($A:$A,A65,$I:$I,">99")=COUNTIFS($A:$A,A65)), "full access", "not full access") -> not full access | AA65: =IF(AND(COUNTIFS($A:$A,A65)>1, COUNTIFS($A:$A,A65,$M:$M,">99")=COUNTIFS($A:$A,A65)), "full access", "not full access") -> not full access
A66: Burundi | B66: 2015 | C66: 10160.034 | D66: 12.078 | E66: 59.581469 | F66: 19.538892 | G66: 14.864993 | H66: 6.0146463 | I66: 55.558267 | J66: 21.166796 | K66: 16.594145 | L66: 6.680793 | M66: 88.868438 | N66: 7.6885395 | O66: 2.2776019 | P66: 1.165421 | U66: =ABS(Sheet1[[#This Row],[ARC_r]]-Sheet1[[#This Row],[ARC_u]]) -> 0 | V66: =ROUND(Sheet1[[#This Row],[wat_bas_n]],0) -> 60 | W66: =ROUND(Sheet1[[#This Row],[wat_bas_r]],0) -> 56 | X66: =ROUND(Sheet1[[#This Row],[wat_bas_u]],0) -> 89 | Y66: =IF(AND(COUNTIFS($A:$A,A66)>1, COUNTIFS($A:$A,A66,$E:$E,">99")=COUNTIFS($A:$A,A66)), "full access", "not full access") -> not full access | Z66: =IF(AND(COUNTIFS($A:$A,A66)>1, COUNTIFS($A:$A,A66,$I:$I,">99")=COUNTIFS($A:$A,A66)), "full access", "not full access") -> not full access | AA66: =IF(AND(COUNTIFS($A:$A,A66)>1, COUNTIFS($A:$A,A66,$M:$M,">99")=COUNTIFS($A:$A,A66)), "full access", "not full access") -> not full access
A67: Burundi | B67: 2020 | C67: 11890.781 | D67: 13.708 | E67: 62.207122 | F67: 19.439693 | G67: 14.75826 | H67: 3.5949249 | I67: 57.685765 | J67: 21.251482 | K67: 16.896752 | L67: 4.1660002 | M67: 90.669111 | N67: 8.0344629 | O67: 1.2964263 | P67: 0 | Q67: 5 | R67: 0.5251306 | S67: 0.42549967 | T67: 0.36013465 | U67: =ABS(Sheet1[[#This Row],[ARC_r]]-Sheet1[[#This Row],[ARC_u]]) -> 0.065365018 | V67: =ROUND(Sheet1[[#This Row],[wat_bas_n]],0) -> 62 | W67: =ROUND(Sheet1[[#This Row],[wat_bas_r]],0) -> 58 | X67: =ROUND(Sheet1[[#This Row],[wat_bas_u]],0) -> 91 | Y67: =IF(AND(COUNTIFS($A:$A,A67)>1, COUNTIFS($A:$A,A67,$E:$E,">99")=COUNTIFS($A:$A,A67)), "full access", "not full access") -> not full access | Z67: =IF(AND(COUNTIFS($A:$A,A67)>1, COUNTIFS($A:$A,A67,$I:$I,">99")=COUNTIFS($A:$A,A67)), "full access", "not full access") -> not full access | AA67: =IF(AND(COUNTIFS($A:$A,A67)>1, COUNTIFS($A:$A,A67,$M:$M,">99")=COUNTIFS($A:$A,A67)), "full access", "not full access") -> not full access
A68: Cabo Verde | B68: 2015 | C68: 524.73999 | D68: 64.299995 | E68: 85.443342 | F68: 10.253078 | G68: 4.1519483 | H68: 0.15163169 | I68: 72.832314 | J68: 16.379795 | K68: 10.436761 | L68: 0.35113054 | M68: 92.445115 | N68: 6.8514639 | O68: 0.66255363 | P68: 0.040867954 | U68: =ABS(Sheet1[[#This Row],[ARC_r]]-Sheet1[[#This Row],[ARC_u]]) -> 0 | V68: =ROUND(Sheet1[[#This Row],[wat_bas_n]],0) -> 85 | W68: =ROUND(Sheet1[[#This Row],[wat_bas_r]],0) -> 73 | X68: =ROUND(Sheet1[[#This Row],[wat_bas_u]],0) -> 92 | Y68: =IF(AND(COUNTIFS($A:$A,A68)>1, COUNTIFS($A:$A,A68,$E:$E,">99")=COUNTIFS($A:$A,A68)), "full access", "not full access") -> not full access | Z68: =IF(AND(COUNTIFS($A:$A,A68)>1, COUNTIFS($A:$A,A68,$I:$I,">99")=COUNTIFS($A:$A,A68)), "full access", "not full access") -> not full access | AA68: =IF(AND(COUNTIFS($A:$A,A68)>1, COUNTIFS($A:$A,A68,$M:$M,">99")=COUNTIFS($A:$A,A68)), "full access", "not full access") -> not full access
A69: Cabo Verde | B69: 2020 | C69: 555.98798 | D69: 66.652 | E69: 88.769606 | F69: 7.9041508 | G69: 3.2091477 | H69: 0.11709501 | I69: 80.114525 | J69: 9.911127 | K69: 9.623217 | L69: 0.35113054 | M69: 93.1 | N69: 6.9 | O69: 0 | P69: 0 | Q69: 5 | R69: 0.66525281 | S69: 1.4564423 | T69: 0.1309771 | U69: =ABS(Sheet1[[#This Row],[ARC_r]]-Sheet1[[#This Row],[ARC_u]]) -> 1.3254652 | V69: =ROUND(Sheet1[[#This Row],[wat_bas_n]],0) -> 89 | W69: =ROUND(Sheet1[[#This Row],[wat_bas_r]],0) -> 80 | X69: =ROUND(Sheet1[[#This Row],[wat_bas_u]],0) -> 93 | Y69: =IF(AND(COUNTIFS($A:$A,A69)>1, COUNTIFS($A:$A,A69,$E:$E,">99")=COUNTIFS($A:$A,A69)), "full access", "not full access") -> not full access | Z69: =IF(AND(COUNTIFS($A:$A,A69)>1, COUNTIFS($A:$A,A69,$I:$I,">99")=COUNTIFS($A:$A,A69)), "full access", "not full access") -> not full access | AA69: =IF(AND(COUNTIFS($A:$A,A69)>1, COUNTIFS($A:$A,A69,$M:$M,">99")=COUNTIFS($A:$A,A69)), "full access", "not full access") -> not full access
A70: Cambodia | B70: 2015 | C70: 15521.435 | D70: 22.188 | E70: 68.443849 | F70: 8.6032482 | G70: 9.6029948 | H70: 13.349908 | I70: 62.711117 | J70: 9.4320456 | K70: 11.750896 | L70: 16.105942 | M70: 88.548191 | N70: 5.6967035 | O70: 2.0704457 | P70: 3.6846594 | U70: =ABS(Sheet1[[#This Row],[ARC_r]]-Sheet1[[#This Row],[ARC_u]]) -> 0 | V70: =ROUND(Sheet1[[#This Row],[wat_bas_n]],0) -> 68 | W70: =ROUND(Sheet1[[#This Row],[wat_bas_r]],0) -> 63 | X70: =ROUND(Sheet1[[#This Row],[wat_bas_u]],0) -> 89 | Y70: =IF(AND(COUNTIFS($A:$A,A70)>1, COUNTIFS($A:$A,A70,$E:$E,">99")=COUNTIFS($A:$A,A70)), "full access", "not full access") -> not full access | Z70: =IF(AND(COUNTIFS($A:$A,A70)>1, COUNTIFS($A:$A,A70,$I:$I,">99")=COUNTIFS($A:$A,A70)), "full access", "not full access") -> not full access | AA70: =IF(AND(COUNTIFS($A:$A,A70)>1, COUNTIFS($A:$A,A70,$M:$M,">99")=COUNTIFS($A:$A,A70)), "full access", "not full access") -> not full access
A71: Cambodia | B71: 2020 | C71: 16718.971 | D71: 24.232 | E71: 71.219885 | F71: 13.902222 | G71: 5.6772186 | H71: 9.2006744 | I71: 65.067156 | J71: 15.517723 | K71: 7.4928993 | L71: 11.922222 | M71: 90.458077 | N71: 8.8509147 | O71: 0 | P71: 0.69100811 | Q71: 5 | R71: 0.5552072 | S71: 0.47120783 | T71: 0.38197715 | U71: =ABS(Sheet1[[#This Row],[ARC_r]]-Sheet1[[#This Row],[ARC_u]]) -> 0.089230684 | V71: =ROUND(Sheet1[[#This Row],[wat_bas_n]],0) -> 71 | W71: =ROUND(Sheet1[[#This Row],[wat_bas_r]],0) -> 65 | X71: =ROUND(Sheet1[[#This Row],[wat_bas_u]],0) -> 90 | Y71: =IF(AND(COUNTIFS($A:$A,A71)>1, COUNTIFS($A:$A,A71,$E:$E,">99")=COUNTIFS($A:$A,A71)), "full access", "not full access") -> not full access | Z71: =IF(AND(COUNTIFS($A:$A,A71)>1, COUNTIFS($A:$A,A71,$I:$I,">99")=COUNTIFS($A:$A,A71)), "full access", "not full access") -> not full access | AA71: =IF(AND(COUNTIFS($A:$A,A71)>1, COUNTIFS($A:$A,A71,$M:$M,">99")=COUNTIFS($A:$A,A71)), "full access", "not full access") -> not full access
A72: Cameroon | B72: 2015 | C72: 23298.377 | D72: 54.577999 | E72: 63.97399 | F72: 11.238271 | G72: 17.651358 | H72: 7.136381 | I72: 42.005669 | J72: 11.073386 | K72: 32.394045 | L72: 14.5269 | M72: 82.256908 | N72: 11.375494 | O72: 5.3819035 | P72: 0.9856948 | U72: =ABS(Sheet1[[#This Row],[ARC_r]]-Sheet1[[#This Row],[ARC_u]]) -> 0 | V72: =ROUND(Sheet1[[#This Row],[wat_bas_n]],0) -> 64 | W72: =ROUND(Sheet1[[#This Row],[wat_bas_r]],0) -> 42 | X72: =ROUND(Sheet1[[#This Row],[wat_bas_u]],0) -> 82 | Y72: =IF(AND(COUNTIFS($A:$A,A72)>1, COUNTIFS($A:$A,A72,$E:$E,">99")=COUNTIFS($A:$A,A72)), "full access", "not full access") -> not full access | Z72: =IF(AND(COUNTIFS($A:$A,A72)>1, COUNTIFS($A:$A,A72,$I:$I,">99")=COUNTIFS($A:$A,A72)), "full access", "not full access") -> not full access | AA72: =IF(AND(COUNTIFS($A:$A,A72)>1, COUNTIFS($A:$A,A72,$M:$M,">99")=COUNTIFS($A:$A,A72)), "full access", "not full access") -> not full access
A73: Cameroon | B73: 2020 | C73: 26545.863 | D73: 57.560005 | E73: 65.720418 | F73: 12.874749 | G73: 15.001006 | H73: 6.4038269 | I73: 43.527581 | J73: 12.672599 | K73: 30.123806 | L73: 13.676013 | M73: 82.083585 | N73: 13.023797 | O73: 3.8507014 | P73: 1.041917 | Q73: 5 | R73: 0.34928561 | S73: 0.30438238 | T73: -0.03466461 | U73: =ABS(Sheet1[[#This Row],[ARC_r]]-Sheet1[[#This Row],[ARC_u]]) -> 0.33904699 | V73: =ROUND(Sheet1[[#This Row],[wat_bas_n]],0) -> 66 | W73: =ROUND(Sheet1[[#This Row],[wat_bas_r]],0) -> 44 | X73: =ROUND(Sheet1[[#This Row],[wat_bas_u]],0) -> 82 | Y73: =IF(AND(COUNTIFS($A:$A,A73)>1, COUNTIFS($A:$A,A73,$E:$E,">99")=COUNTIFS($A:$A,A73)), "full access", "not full access") -> not full access | Z73: =IF(AND(COUNTIFS($A:$A,A73)>1, COUNTIFS($A:$A,A73,$I:$I,">99")=COUNTIFS($A:$A,A73)), "full access", "not full access") -> not full access | AA73: =IF(AND(COUNTIFS($A:$A,A73)>1, COUNTIFS($A:$A,A73,$M:$M,">99")=COUNTIFS($A:$A,A73)), "full access", "not full access") -> not full access
A74: Canada | B74: 2015 | C74: 36026.668 | D74: 81.259003 | E74: 99.229221 | F74: 0 | G74: 0.77077861 | H74: 0 | I74: 98.816195 | J74: 0 | K74: 1.1838049 | L74: 0 | M74: 99.324479 | N74: 0 | O74: 0.67552115 | P74: 0 | U74: =ABS(Sheet1[[#This Row],[ARC_r]]-Sheet1[[#This Row],[ARC_u]]) -> 0 | V74: =ROUND(Sheet1[[#This Row],[wat_bas_n]],0) -> 99 | W74: =ROUND(Sheet1[[#This Row],[wat_bas_r]],0) -> 99 | X74: =ROUND(Sheet1[[#This Row],[wat_bas_u]],0) -> 99 | Y74: =IF(AND(COUNTIFS($A:$A,A74)>1, COUNTIFS($A:$A,A74,$E:$E,">99")=COUNTIFS($A:$A,A74)), "full access", "not full access") -> full access | Z74: =IF(AND(COUNTIFS($A:$A,A74)>1, COUNTIFS($A:$A,A74,$I:$I,">99")=COUNTIFS($A:$A,A74)), "full access", "not full access") -> not full access | AA74: =IF(AND(COUNTIFS($A:$A,A74)>1, COUNTIFS($A:$A,A74,$M:$M,">99")=COUNTIFS($A:$A,A74)), "full access", "not full access") -> full access
A75: Canada | B75: 2020 | C75: 37742.156 | D75: 81.562004 | E75: 99.221811 | F75: 0 | G75: 0.77818934 | H75: 0 | I75: 99.060496 | J75: 0 | K75: 0.9395041 | L75: 0 | M75: 99.258278 | N75: 0 | O75: 0.74172234 | P75: 0 | Q75: 5 | R75: -0.001482146 | S75: 0.048860164 | T75: -0.013240238 | U75: =ABS(Sheet1[[#This Row],[ARC_r]]-Sheet1[[#This Row],[ARC_u]]) -> 0.062100402 | V75: =ROUND(Sheet1[[#This Row],[wat_bas_n]],0) -> 99 | W75: =ROUND(Sheet1[[#This Row],[wat_bas_r]],0) -> 99 | X75: =ROUND(Sheet1[[#This Row],[wat_bas_u]],0) -> 99 | Y75: =IF(AND(COUNTIFS($A:$A,A75)>1, COUNTIFS($A:$A,A75,$E:$E,">99")=COUNTIFS($A:$A,A75)), "full access", "not full access") -> full access | Z75: =IF(AND(COUNTIFS($A:$A,A75)>1, COUNTIFS($A:$A,A75,$I:$I,">99")=COUNTIFS($A:$A,A75)), "full access", "not full access") -> not full access | AA75: =IF(AND(COUNTIFS($A:$A,A75)>1, COUNTIFS($A:$A,A75,$M:$M,">99")=COUNTIFS($A:$A,A75)), "full access", "not full access") -> full access
A76: Cayman Islands | B76: 2015 | C76: 61.721001 | D76: 100 | E76: 96.125 | F76: 0 | G76: 3.875 | H76: 0 | M76: 96.125 | N76: 0 | O76: 3.875 | P76: 0 | U76: =ABS(Sheet1[[#This Row],[ARC_r]]-Sheet1[[#This Row],[ARC_u]]) -> 0 | V76: =ROUND(Sheet1[[#This Row],[wat_bas_n]],0) -> 96 | W76: =ROUND(Sheet1[[#This Row],[wat_bas_r]],0) -> 0 | X76: =ROUND(Sheet1[[#This Row],[wat_bas_u]],0) -> 96 | Y76: =IF(AND(COUNTIFS($A:$A,A76)>1, COUNTIFS($A:$A,A76,$E:$E,">99")=COUNTIFS($A:$A,A76)), "full access", "not full access") -> not full access | Z76: =IF(AND(COUNTIFS($A:$A,A76)>1, COUNTIFS($A:$A,A76,$I:$I,">99")=COUNTIFS($A:$A,A76)), "full access", "not full access") -> not full access | AA76: =IF(AND(COUNTIFS($A:$A,A76)>1, COUNTIFS($A:$A,A76,$M:$M,">99")=COUNTIFS($A:$A,A76)), "full access", "not full access") -> not full access
A77: Cayman Islands | B77: 2016 | C77: 62.563999 | D77: 100 | E77: 96.125 | F77: 0 | G77: 3.875 | H77: 0 | M77: 96.125 | N77: 0 | O77: 3.875 | P77: 0 | Q77: 1 | R77: 0 | T77: 0 | U77: =ABS(Sheet1[[#This Row],[ARC_r]]-Sheet1[[#This Row],[ARC_u]]) -> 0 | V77: =ROUND(Sheet1[[#This Row],[wat_bas_n]],0) -> 96 | W77: =ROUND(Sheet1[[#This Row],[wat_bas_r]],0) -> 0 | X77: =ROUND(Sheet1[[#This Row],[wat_bas_u]],0) -> 96 | Y77: =IF(AND(COUNTIFS($A:$A,A77)>1, COUNTIFS($A:$A,A77,$E:$E,">99")=COUNTIFS($A:$A,A77)), "full access", "not full access") -> not full access | Z77: =IF(AND(COUNTIFS($A:$A,A77)>1, COUNTIFS($A:$A,A77,$I:$I,">99")=COUNTIFS($A:$A,A77)), "full access", "not full access") -> not full access | AA77: =IF(AND(COUNTIFS($A:$A,A77)>1, COUNTIFS($A:$A,A77,$M:$M,">99")=COUNTIFS($A:$A,A77)), "full access", "not full access") -> not full access
A78: Central African Republic | B78: 2015 | C78: 4493.1709 | D78: 40.277 | E78: 42.311345 | F78: 21.343997 | G78: 32.010174 | H78: 4.3344833 | I78: 31.891408 | J78: 17.357854 | K78: 43.702609 | L78: 7.0481294 | M78: 57.762099 | N78: 27.254678 | O78: 14.672551 | P78: 0.31067171 | U78: =ABS(Sheet1[[#This Row],[ARC_r]]-Sheet1[[#This Row],[ARC_u]]) -> 0 | V78: =ROUND(Sheet1[[#This Row],[wat_bas_n]],0) -> 42 | W78: =ROUND(Sheet1[[#This Row],[wat_bas_r]],0) -> 32 | X78: =ROUND(Sheet1[[#This Row],[wat_bas_u]],0) -> 58 | Y78: =IF(AND(COUNTIFS($A:$A,A78)>1, COUNTIFS($A:$A,A78,$E:$E,">99")=COUNTIFS($A:$A,A78)), "full access", "not full access") -> not full access | Z78: =IF(AND(COUNTIFS($A:$A,A78)>1, COUNTIFS($A:$A,A78,$I:$I,">99")=COUNTIFS($A:$A,A78)), "full access", "not full access") -> not full access | AA78: =IF(AND(COUNTIFS($A:$A,A78)>1, COUNTIFS($A:$A,A78,$M:$M,">99")=COUNTIFS($A:$A,A78)), "full access", "not full access") -> not full access
A79: Central African Republic | B79: 2020 | C79: 4829.7642 | D79: 42.197998 | E79: 37.202402 | F79: 25.682373 | G79: 33.539114 | H79: 3.5761107 | I79: 28.106594 | J79: 19.40589 | K79: 46.373073 | L79: 6.1144429 | M79: 49.661665 | N79: 34.27978 | O79: 15.959402 | P79: 0.099152817 | Q79: 5 | R79: -1.0217887 | S79: -0.75696273 | T79: -1.6200868 | U79: =ABS(Sheet1[[#This Row],[ARC_r]]-Sheet1[[#This Row],[ARC_u]]) -> 0.86312408 | V79: =ROUND(Sheet1[[#This Row],[wat_bas_n]],0) -> 37 | W79: =ROUND(Sheet1[[#This Row],[wat_bas_r]],0) -> 28 | X79: =ROUND(Sheet1[[#This Row],[wat_bas_u]],0) -> 50 | Y79: =IF(AND(COUNTIFS($A:$A,A79)>1, COUNTIFS($A:$A,A79,$E:$E,">99")=COUNTIFS($A:$A,A79)), "full access", "not full access") -> not full access | Z79: =IF(AND(COUNTIFS($A:$A,A79)>1, COUNTIFS($A:$A,A79,$I:$I,">99")=COUNTIFS($A:$A,A79)), "full access", "not full access") -> not full access | AA79: =IF(AND(COUNTIFS($A:$A,A79)>1, COUNTIFS($A:$A,A79,$M:$M,">99")=COUNTIFS($A:$A,A79)), "full access", "not full access") -> not full access
A80: Chad | B80: 2015 | C80: 14110.971 | D80: 22.515001 | E80: 44.399097 | F80: 13.516383 | G80: 34.70274 | H80: 7.38178 | I80: 35.578901 | J80: 13.876414 | K80: 41.266156 | L80: 9.2785288 | M80: 74.753652 | N80: 12.277342 | O80: 12.114856 | P80: 0.85414997 | U80: =ABS(Sheet1[[#This Row],[ARC_r]]-Sheet1[[#This Row],[ARC_u]]) -> 0 | V80: =ROUND(Sheet1[[#This Row],[wat_bas_n]],0) -> 44 | W80: =ROUND(Sheet1[[#This Row],[wat_bas_r]],0) -> 36 | X80: =ROUND(Sheet1[[#This Row],[wat_bas_u]],0) -> 75 | Y80: =IF(AND(COUNTIFS($A:$A,A80)>1, COUNTIFS($A:$A,A80,$E:$E,">99")=COUNTIFS($A:$A,A80)), "full access", "not full access") -> not full access | Z80: =IF(AND(COUNTIFS($A:$A,A80)>1, COUNTIFS($A:$A,A80,$I:$I,">99")=COUNTIFS($A:$A,A80)), "full access", "not full access") -> not full access | AA80: =IF(AND(COUNTIFS($A:$A,A80)>1, COUNTIFS($A:$A,A80,$M:$M,">99")=COUNTIFS($A:$A,A80)), "full access", "not full access") -> not full access
A81: Chad | B81: 2020 | C81: 16425.859 | D81: 23.52 | E81: 46.187535 | F81: 14.740289 | G81: 31.562457 | H81: 7.5097188 | I81: 37.575215 | J81: 14.353961 | K81: 38.524968 | L81: 9.545856 | M81: 74.192223 | N81: 15.996514 | O81: 8.9224527 | P81: 0.88881038 | Q81: 5 | R81: 0.35768756 | S81: 0.3992629 | T81: -0.11228574 | U81: =ABS(Sheet1[[#This Row],[ARC_r]]-Sheet1[[#This Row],[ARC_u]]) -> 0.51154864 | V81: =ROUND(Sheet1[[#This Row],[wat_bas_n]],0) -> 46 | W81: =ROUND(Sheet1[[#This Row],[wat_bas_r]],0) -> 38 | X81: =ROUND(Sheet1[[#This Row],[wat_bas_u]],0) -> 74 | Y81: =IF(AND(COUNTIFS($A:$A,A81)>1, COUNTIFS($A:$A,A81,$E:$E,">99")=COUNTIFS($A:$A,A81)), "full access", "not full access") -> not full access | Z81: =IF(AND(COUNTIFS($A:$A,A81)>1, COUNTIFS($A:$A,A81,$I:$I,">99")=COUNTIFS($A:$A,A81)), "full access", "not full access") -> not full access | AA81: =IF(AND(COUNTIFS($A:$A,A81)>1, COUNTIFS($A:$A,A81,$M:$M,">99")=COUNTIFS($A:$A,A81)), "full access", "not full access") -> not full access
A82: Channel Islands | B82: 2015 | C82: 165.38699 | D82: 30.961998 | E82: 94.15 | F82: 0 | G82: 5.85 | H82: 0 | U82: =ABS(Sheet1[[#This Row],[ARC_r]]-Sheet1[[#This Row],[ARC_u]]) -> 0 | V82: =ROUND(Sheet1[[#This Row],[wat_bas_n]],0) -> 94 | W82: =ROUND(Sheet1[[#This Row],[wat_bas_r]],0) -> 0 | X82: =ROUND(Sheet1[[#This Row],[wat_bas_u]],0) -> 0 | Y82: =IF(AND(COUNTIFS($A:$A,A82)>1, COUNTIFS($A:$A,A82,$E:$E,">99")=COUNTIFS($A:$A,A82)), "full access", "not full access") -> not full access | Z82: =IF(AND(COUNTIFS($A:$A,A82)>1, COUNTIFS($A:$A,A82,$I:$I,">99")=COUNTIFS($A:$A,A82)), "full access", "not full access") -> not full access | AA82: =IF(AND(COUNTIFS($A:$A,A82)>1, COUNTIFS($A:$A,A82,$M:$M,">99")=COUNTIFS($A:$A,A82)), "full access", "not full access") -> not full access
A83: Channel Islands | B83: 2017 | C83: 168.666 | D83: 30.914 | E83: 94.15 | F83: 0 | G83: 5.85 | H83: 0 | Q83: 2 | R83: 0 | U83: =ABS(Sheet1[[#This Row],[ARC_r]]-Sheet1[[#This Row],[ARC_u]]) -> 0 | V83: =ROUND(Sheet1[[#This Row],[wat_bas_n]],0) -> 94 | W83: =ROUND(Sheet1[[#This Row],[wat_bas_r]],0) -> 0 | X83: =ROUND(Sheet1[[#This Row],[wat_bas_u]],0) -> 0 | Y83: =IF(AND(COUNTIFS($A:$A,A83)>1, COUNTIFS($A:$A,A83,$E:$E,">99")=COUNTIFS($A:$A,A83)), "full access", "not full access") -> not full access | Z83: =IF(AND(COUNTIFS($A:$A,A83)>1, COUNTIFS($A:$A,A83,$I:$I,">99")=COUNTIFS($A:$A,A83)), "full access", "not full access") -> not full access | AA83: =IF(AND(COUNTIFS($A:$A,A83)>1, COUNTIFS($A:$A,A83,$M:$M,">99")=COUNTIFS($A:$A,A83)), "full access", "not full access") -> not full access
A84: Chile | B84: 2015 | C84: 17969.355 | D84: 87.360001 | E84: 99.506493 | F84: 0 | G84: 0.49350728 | H84: 0 | I84: 97.067699 | J84: 0 | K84: 2.9323015 | L84: 0 | M84: 99.859357 | N84: 0 | O84: 0.14064302 | P84: 0 | U84: =ABS(Sheet1[[#This Row],[ARC_r]]-Sheet1[[#This Row],[ARC_u]]) -> 0 | V84: =ROUND(Sheet1[[#This Row],[wat_bas_n]],0) -> 100 | W84: =ROUND(Sheet1[[#This Row],[wat_bas_r]],0) -> 97 | X84: =ROUND(Sheet1[[#This Row],[wat_bas_u]],0) -> 100 | Y84: =IF(AND(COUNTIFS($A:$A,A84)>1, COUNTIFS($A:$A,A84,$E:$E,">99")=COUNTIFS($A:$A,A84)), "full access", "not full access") -> full access | Z84: =IF(AND(COUNTIFS($A:$A,A84)>1, COUNTIFS($A:$A,A84,$I:$I,">99")=COUNTIFS($A:$A,A84)), "full access", "not full access") -> not full access | AA84: =IF(AND(COUNTIFS($A:$A,A84)>1, COUNTIFS($A:$A,A84,$M:$M,">99")=COUNTIFS($A:$A,A84)), "full access", "not full access") -> full access
A85: Chile | B85: 2020 | C85: 19116.209 | D85: 87.726997 | E85: 99.999999 | F85: 0 | G85: 1.2771393e-06 | H85: 0 | I85: 100 | J85: 0 | K85: 0 | L85: 0 | M85: 100 | N85: 0 | O85: 0 | P85: 0 | Q85: 5 | R85: 0.0987012 | S85: 0.5864603 | T85: 0.028128604 | U85: =ABS(Sheet1[[#This Row],[ARC_r]]-Sheet1[[#This Row],[ARC_u]]) -> 0.5583317 | V85: =ROUND(Sheet1[[#This Row],[wat_bas_n]],0) -> 100 | W85: =ROUND(Sheet1[[#This Row],[wat_bas_r]],0) -> 100 | X85: =ROUND(Sheet1[[#This Row],[wat_bas_u]],0) -> 100 | Y85: =IF(AND(COUNTIFS($A:$A,A85)>1, COUNTIFS($A:$A,A85,$E:$E,">99")=COUNTIFS($A:$A,A85)), "full access", "not full access") -> full access | Z85: =IF(AND(COUNTIFS($A:$A,A85)>1, COUNTIFS($A:$A,A85,$I:$I,">99")=COUNTIFS($A:$A,A85)), "full access", "not full access") -> not full access | AA85: =IF(AND(COUNTIFS($A:$A,A85)>1, COUNTIFS($A:$A,A85,$M:$M,">99")=COUNTIFS($A:$A,A85)), "full access", "not full access") -> full access
A86: China | B86: 2015 | C86: 1430405.4 | D86: 55.852707 | E86: 91.762641 | F86: 0.81876266 | G86: 6.7820774 | H86: 0.6365187 | I86: 84.479188 | J86: 1.5118631 | K86: 12.952949 | L86: 1.056 | M86: 97.519654 | N86: 0.2709198 | O86: 1.9044754 | P86: 0.30495082 | U86: =ABS(Sheet1[[#This Row],[ARC_r]]-Sheet1[[#This Row],[ARC_u]]) -> 0 | V86: =ROUND(Sheet1[[#This Row],[wat_bas_n]],0) -> 92 | W86: =ROUND(Sheet1[[#This Row],[wat_bas_r]],0) -> 84 | X86: =ROUND(Sheet1[[#This Row],[wat_bas_u]],0) -> 98 | Y86: =IF(AND(COUNTIFS($A:$A,A86)>1, COUNTIFS($A:$A,A86,$E:$E,">99")=COUNTIFS($A:$A,A86)), "full access", "not full access") -> not full access | Z86: =IF(AND(COUNTIFS($A:$A,A86)>1, COUNTIFS($A:$A,A86,$I:$I,">99")=COUNTIFS($A:$A,A86)), "full access", "not full access") -> not full access | AA86: =IF(AND(COUNTIFS($A:$A,A86)>1, COUNTIFS($A:$A,A86,$M:$M,">99")=COUNTIFS($A:$A,A86)), "full access", "not full access") -> not full access
A87: China | B87: 2020 | C87: 1463140.5 | D87: 61.713089 | E87: 94.261111 | F87: 0.81472133 | G87: 4.7254519 | H87: 0.19871614 | I87: 89.661234 | J87: 1.8326791 | K87: 8.5060874 | L87: 0 | M87: 97.114883 | N87: 0.18317849 | O87: 2.3799388 | P87: 0.322 | Q87: 5 | R87: 0.49969387 | S87: 1.0364091 | T87: -0.08095426 | U87: =ABS(Sheet1[[#This Row],[ARC_r]]-Sheet1[[#This Row],[ARC_u]]) -> 1.1173634 | V87: =ROUND(Sheet1[[#This Row],[wat_bas_n]],0) -> 94 | W87: =ROUND(Sheet1[[#This Row],[wat_bas_r]],0) -> 90 | X87: =ROUND(Sheet1[[#This Row],[wat_bas_u]],0) -> 97 | Y87: =IF(AND(COUNTIFS($A:$A,A87)>1, COUNTIFS($A:$A,A87,$E:$E,">99")=COUNTIFS($A:$A,A87)), "full access", "not full access") -> not full access | Z87: =IF(AND(COUNTIFS($A:$A,A87)>1, COUNTIFS($A:$A,A87,$I:$I,">99")=COUNTIFS($A:$A,A87)), "full access", "not full access") -> not full access | AA87: =IF(AND(COUNTIFS($A:$A,A87)>1, COUNTIFS($A:$A,A87,$M:$M,">99")=COUNTIFS($A:$A,A87)), "full access", "not full access") -> not full access
A88: China, Hong Kong SAR | B88: 2015 | C88: 7185.9922 | D88: 100 | E88: 100 | F88: 0 | G88: 0 | H88: 0 | M88: 100 | N88: 0 | O88: 0 | P88: 0 | U88: =ABS(Sheet1[[#This Row],[ARC_r]]-Sheet1[[#This Row],[ARC_u]]) -> 0 | V88: =ROUND(Sheet1[[#This Row],[wat_bas_n]],0) -> 100 | W88: =ROUND(Sheet1[[#This Row],[wat_bas_r]],0) -> 0 | X88: =ROUND(Sheet1[[#This Row],[wat_bas_u]],0) -> 100 | Y88: =IF(AND(COUNTIFS($A:$A,A88)>1, COUNTIFS($A:$A,A88,$E:$E,">99")=COUNTIFS($A:$A,A88)), "full access", "not full access") -> full access | Z88: =IF(AND(COUNTIFS($A:$A,A88)>1, COUNTIFS($A:$A,A88,$I:$I,">99")=COUNTIFS($A:$A,A88)), "full access", "not full access") -> not full access | AA88: =IF(AND(COUNTIFS($A:$A,A88)>1, COUNTIFS($A:$A,A88,$M:$M,">99")=COUNTIFS($A:$A,A88)), "full access", "not full access") -> full access
A89: China, Hong Kong SAR | B89: 2020 | C89: 7496.9878 | D89: 100 | E89: 100 | F89: 0 | G89: 0 | H89: 0 | M89: 100 | N89: 0 | O89: 0 | P89: 0 | Q89: 5 | R89: 0 | T89: 0 | U89: =ABS(Sheet1[[#This Row],[ARC_r]]-Sheet1[[#This Row],[ARC_u]]) -> 0 | V89: =ROUND(Sheet1[[#This Row],[wat_bas_n]],0) -> 100 | W89: =ROUND(Sheet1[[#This Row],[wat_bas_r]],0) -> 0 | X89: =ROUND(Sheet1[[#This Row],[wat_bas_u]],0) -> 100 | Y89: =IF(AND(COUNTIFS($A:$A,A89)>1, COUNTIFS($A:$A,A89,$E:$E,">99")=COUNTIFS($A:$A,A89)), "full access", "not full access") -> full access | Z89: =IF(AND(COUNTIFS($A:$A,A89)>1, COUNTIFS($A:$A,A89,$I:$I,">99")=COUNTIFS($A:$A,A89)), "full access", "not full access") -> not full access | AA89: =IF(AND(COUNTIFS($A:$A,A89)>1, COUNTIFS($A:$A,A89,$M:$M,">99")=COUNTIFS($A:$A,A89)), "full access", "not full access") -> full access
A90: China, Macao SAR | B90: 2015 | C90: 602.09302 | D90: 100 | E90: 100 | F90: 0 | G90: 0 | H90: 0 | M90: 100 | N90: 0 | O90: 0 | P90: 0 | U90: =ABS(Sheet1[[#This Row],[ARC_r]]-Sheet1[[#This Row],[ARC_u]]) -> 0 | V90: =ROUND(Sheet1[[#This Row],[wat_bas_n]],0) -> 100 | W90: =ROUND(Sheet1[[#This Row],[wat_bas_r]],0) -> 0 | X90: =ROUND(Sheet1[[#This Row],[wat_bas_u]],0) -> 100 | Y90: =IF(AND(COUNTIFS($A:$A,A90)>1, COUNTIFS($A:$A,A90,$E:$E,">99")=COUNTIFS($A:$A,A90)), "full access", "not full access") -> full access | Z90: =IF(AND(COUNTIFS($A:$A,A90)>1, COUNTIFS($A:$A,A90,$I:$I,">99")=COUNTIFS($A:$A,A90)), "full access", "not full access") -> not full access | AA90: =IF(AND(COUNTIFS($A:$A,A90)>1, COUNTIFS($A:$A,A90,$M:$M,">99")=COUNTIFS($A:$A,A90)), "full access", "not full access") -> full access
A91: China, Macao SAR | B91: 2020 | C91: 649.34198 | D91: 100 | E91: 100 | F91: 0 | G91: 0 | H91: 0 | M91: 100 | N91: 0 | O91: 0 | P91: 0 | Q91: 5 | R91: 0 | T91: 0 | U91: =ABS(Sheet1[[#This Row],[ARC_r]]-Sheet1[[#This Row],[ARC_u]]) -> 0 | V91: =ROUND(Sheet1[[#This Row],[wat_bas_n]],0) -> 100 | W91: =ROUND(Sheet1[[#This Row],[wat_bas_r]],0) -> 0 | X91: =ROUND(Sheet1[[#This Row],[wat_bas_u]],0) -> 100 | Y91: =IF(AND(COUNTIFS($A:$A,A91)>1, COUNTIFS($A:$A,A91,$E:$E,">99")=COUNTIFS($A:$A,A91)), "full access", "not full access") -> full access | Z91: =IF(AND(COUNTIFS($A:$A,A91)>1, COUNTIFS($A:$A,A91,$I:$I,">99")=COUNTIFS($A:$A,A91)), "full access", "not full access") -> not full access | AA91: =IF(AND(COUNTIFS($A:$A,A91)>1, COUNTIFS($A:$A,A91,$M:$M,">99")=COUNTIFS($A:$A,A91)), "full access", "not full access") -> full access
A92: Colombia | B92: 2015 | C92: 47520.668 | D92: 79.764 | E92: 96.335868 | F92: 0.18405199 | G92: 1.7034451 | H92: 1.7766348 | I92: 83.273726 | J92: 0.68766563 | K92: 7.2590324 | L92: 8.7795762 | M92: 99.649712 | N92: 0.05628603 | O92: 0.2940016 | P92: 0 | U92: =ABS(Sheet1[[#This Row],[ARC_r]]-Sheet1[[#This Row],[ARC_u]]) -> 0 | V92: =ROUND(Sheet1[[#This Row],[wat_bas_n]],0) -> 96 | W92: =ROUND(Sheet1[[#This Row],[wat_bas_r]],0) -> 83 | X92: =ROUND(Sheet1[[#This Row],[wat_bas_u]],0) -> 100 | Y92: =IF(AND(COUNTIFS($A:$A,A92)>1, COUNTIFS($A:$A,A92,$E:$E,">99")=COUNTIFS($A:$A,A92)), "full access", "not full access") -> not full access | Z92: =IF(AND(COUNTIFS($A:$A,A92)>1, COUNTIFS($A:$A,A92,$I:$I,">99")=COUNTIFS($A:$A,A92)), "full access", "not full access") -> not full access | AA92: =IF(AND(COUNTIFS($A:$A,A92)>1, COUNTIFS($A:$A,A92,$M:$M,">99")=COUNTIFS($A:$A,A92)), "full access", "not full access") -> full access
A93: Colombia | B93: 2020 | C93: 50882.883 | D93: 81.424995 | E93: 97.491657 | F93: 0.18615216 | G93: 0.95361622 | H93: 1.3685745 | I93: 86.767073 | J93: 0.7312282 | K93: 5.133869 | L93: 7.36783 | M93: 99.938193 | N93: 0.0618072 | O93: 0 | P93: 0 | Q93: 5 | R93: 0.2311578 | S93: 0.69866939 | T93: 0.057696086 | U93: =ABS(Sheet1[[#This Row],[ARC_r]]-Sheet1[[#This Row],[ARC_u]]) -> 0.64097331 | V93: =ROUND(Sheet1[[#This Row],[wat_bas_n]],0) -> 97 | W93: =ROUND(Sheet1[[#This Row],[wat_bas_r]],0) -> 87 | X93: =ROUND(Sheet1[[#This Row],[wat_bas_u]],0) -> 100 | Y93: =IF(AND(COUNTIFS($A:$A,A93)>1, COUNTIFS($A:$A,A93,$E:$E,">99")=COUNTIFS($A:$A,A93)), "full access", "not full access") -> not full access | Z93: =IF(AND(COUNTIFS($A:$A,A93)>1, COUNTIFS($A:$A,A93,$I:$I,">99")=COUNTIFS($A:$A,A93)), "full access", "not full access") -> not full access | AA93: =IF(AND(COUNTIFS($A:$A,A93)>1, COUNTIFS($A:$A,A93,$M:$M,">99")=COUNTIFS($A:$A,A93)), "full access", "not full access") -> full access
A94: Comoros | B94: 2015 | C94: 777.435 | D94: 28.470001 | E94: 80.132 | F94: 10.877265 | G94: 8.3951934 | H94: 0.59554149 | I94: 76.911723 | J94: 11.568647 | K94: 10.822454 | L94: 0.69717486 | M94: 88.222846 | N94: 9.1401885 | O94: 2.2967751 | P94: 0.3401908 | U94: =ABS(Sheet1[[#This Row],[ARC_r]]-Sheet1[[#This Row],[ARC_u]]) -> 0 | V94: =ROUND(Sheet1[[#This Row],[wat_bas_n]],0) -> 80 | W94: =ROUND(Sheet1[[#This Row],[wat_bas_r]],0) -> 77 | X94: =ROUND(Sheet1[[#This Row],[wat_bas_u]],0) -> 88 | Y94: =IF(AND(COUNTIFS($A:$A,A94)>1, COUNTIFS($A:$A,A94,$E:$E,">99")=COUNTIFS($A:$A,A94)), "full access", "not full access") -> not full access | Z94: =IF(AND(COUNTIFS($A:$A,A94)>1, COUNTIFS($A:$A,A94,$I:$I,">99")=COUNTIFS($A:$A,A94)), "full access", "not full access") -> not full access | AA94: =IF(AND(COUNTIFS($A:$A,A94)>1, COUNTIFS($A:$A,A94,$M:$M,">99")=COUNTIFS($A:$A,A94)), "full access", "not full access") -> not full access
A95: Comoros | B95: 2019 | C95: 850.89099 | D95: 29.164001 | E95: 80.210498 | F95: 10.860411 | G95: 8.9290909 | I95: 76.911723 | J95: 11.568647 | K95: 11.519629 | M95: 88.222846 | N95: 9.1401885 | O95: 2.2967751 | P95: 0.3401908 | Q95: 4 | R95: 0.019624433 | S95: 0 | T95: 0 | U95: =ABS(Sheet1[[#This Row],[ARC_r]]-Sheet1[[#This Row],[ARC_u]]) -> 0 | V95: =ROUND(Sheet1[[#This Row],[wat_bas_n]],0) -> 80 | W95: =ROUND(Sheet1[[#This Row],[wat_bas_r]],0) -> 77 | X95: =ROUND(Sheet1[[#This Row],[wat_bas_u]],0) -> 88 | Y95: =IF(AND(COUNTIFS($A:$A,A95)>1, COUNTIFS($A:$A,A95,$E:$E,">99")=COUNTIFS($A:$A,A95)), "full access", "not full access") -> not full access | Z95: =IF(AND(COUNTIFS($A:$A,A95)>1, COUNTIFS($A:$A,A95,$I:$I,">99")=COUNTIFS($A:$A,A95)), "full access", "not full access") -> not full access | AA95: =IF(AND(COUNTIFS($A:$A,A95)>1, COUNTIFS($A:$A,A95,$M:$M,">99")=COUNTIFS($A:$A,A95)), "full access", "not full access") -> not full access
A96: Congo | B96: 2015 | C96: 4856.0928 | D96: 65.542999 | E96: 71.149582 | F96: 10.510526 | G96: 11.662046 | H96: 6.6778459 | I96: 41.391836 | J96: 10.739573 | K96: 28.501849 | L96: 19.366743 | M96: 86.793705 | N96: 10.390113 | O96: 2.8090907 | P96: 0.0070910959 | U96: =ABS(Sheet1[[#This Row],[ARC_r]]-Sheet1[[#This Row],[ARC_u]]) -> 0 | V96: =ROUND(Sheet1[[#This Row],[wat_bas_n]],0) -> 71 | W96: =ROUND(Sheet1[[#This Row],[wat_bas_r]],0) -> 41 | X96: =ROUND(Sheet1[[#This Row],[wat_bas_u]],0) -> 87 | Y96: =IF(AND(COUNTIFS($A:$A,A96)>1, COUNTIFS($A:$A,A96,$E:$E,">99")=COUNTIFS($A:$A,A96)), "full access", "not full access") -> not full access | Z96: =IF(AND(COUNTIFS($A:$A,A96)>1, COUNTIFS($A:$A,A96,$I:$I,">99")=COUNTIFS($A:$A,A96)), "full access", "not full access") -> not full access | AA96: =IF(AND(COUNTIFS($A:$A,A96)>1, COUNTIFS($A:$A,A96,$M:$M,">99")=COUNTIFS($A:$A,A96)), "full access", "not full access") -> not full access
A97: Congo | B97: 2020 | C97: 5518.0918 | D97: 67.829002 | E97: 73.784512 | F97: 10.461172 | G97: 9.5591807 | H97: 6.1951357 | I97: 45.724413 | J97: 10.63239 | K97: 24.40517 | L97: 19.238027 | M97: 87.093296 | N97: 10.379964 | O97: 2.51779 | P97: 0.0089494521 | Q97: 5 | R97: 0.52698596 | S97: 0.86651545 | T97: 0.0599182 | U97: =ABS(Sheet1[[#This Row],[ARC_r]]-Sheet1[[#This Row],[ARC_u]]) -> 0.80659725 | V97: =ROUND(Sheet1[[#This Row],[wat_bas_n]],0) -> 74 | W97: =ROUND(Sheet1[[#This Row],[wat_bas_r]],0) -> 46 | X97: =ROUND(Sheet1[[#This Row],[wat_bas_u]],0) -> 87 | Y97: =IF(AND(COUNTIFS($A:$A,A97)>1, COUNTIFS($A:$A,A97,$E:$E,">99")=COUNTIFS($A:$A,A97)), "full access", "not full access") -> not full access | Z97: =IF(AND(COUNTIFS($A:$A,A97)>1, COUNTIFS($A:$A,A97,$I:$I,">99")=COUNTIFS($A:$A,A97)), "full access", "not full access") -> not full access | AA97: =IF(AND(COUNTIFS($A:$A,A97)>1, COUNTIFS($A:$A,A97,$M:$M,">99")=COUNTIFS($A:$A,A97)), "full access", "not full access") -> not full access
A98: Cook Islands | B98: 2015 | C98: 17.580999 | D98: 74.403999 | E98: 99.953671 | F98: 0 | G98: 0.046328976 | H98: 0 | U98: =ABS(Sheet1[[#This Row],[ARC_r]]-Sheet1[[#This Row],[ARC_u]]) -> 0 | V98: =ROUND(Sheet1[[#This Row],[wat_bas_n]],0) -> 100 | W98: =ROUND(Sheet1[[#This Row],[wat_bas_r]],0) -> 0 | X98: =ROUND(Sheet1[[#This Row],[wat_bas_u]],0) -> 0 | Y98: =IF(AND(COUNTIFS($A:$A,A98)>1, COUNTIFS($A:$A,A98,$E:$E,">99")=COUNTIFS($A:$A,A98)), "full access", "not full access") -> full access | Z98: =IF(AND(COUNTIFS($A:$A,A98)>1, COUNTIFS($A:$A,A98,$I:$I,">99")=COUNTIFS($A:$A,A98)), "full access", "not full access") -> not full access | AA98: =IF(AND(COUNTIFS($A:$A,A98)>1, COUNTIFS($A:$A,A98,$M:$M,">99")=COUNTIFS($A:$A,A98)), "full access", "not full access") -> not full access
A99: Cook Islands | B99: 2020 | C99: 17.563999 | D99: 75.495003 | E99: 99.97161 | F99: 0 | G99: 0.028389783 | H99: 0 | Q99: 5 | R99: 0.00358784 | U99: =ABS(Sheet1[[#This Row],[ARC_r]]-Sheet1[[#This Row],[ARC_u]]) -> 0 | V99: =ROUND(Sheet1[[#This Row],[wat_bas_n]],0) -> 100 | W99: =ROUND(Sheet1[[#This Row],[wat_bas_r]],0) -> 0 | X99: =ROUND(Sheet1[[#This Row],[wat_bas_u]],0) -> 0 | Y99: =IF(AND(COUNTIFS($A:$A,A99)>1, COUNTIFS($A:$A,A99,$E:$E,">99")=COUNTIFS($A:$A,A99)), "full access", "not full access") -> full access | Z99: =IF(AND(COUNTIFS($A:$A,A99)>1, COUNTIFS($A:$A,A99,$I:$I,">99")=COUNTIFS($A:$A,A99)), "full access", "not full access") -> not full access | AA99: =IF(AND(COUNTIFS($A:$A,A99)>1, COUNTIFS($A:$A,A99,$M:$M,">99")=COUNTIFS($A:$A,A99)), "full access", "not full access") -> not full access
A100: Costa Rica | B100: 2015 | C100: 4847.8052 | D100: 76.862 | E100: 99.378687 | F100: 0.25413038 | G100: 0.21133502 | H100: 0.15584778 | I100: 98.186032 | J100: 0.41006115 | K100: 0.73034858 | L100: 0.67355778 | M100: 99.737715 | N100: 0.20719007 | O100: 0.055094818 | P100: 0 | U100: =ABS(Sheet1[[#This Row],[ARC_r]]-Sheet1[[#This Row],[ARC_u]]) -> 0 | V100: =ROUND(Sheet1[[#This Row],[wat_bas_n]],0) -> 99 | W100: =ROUND(Sheet1[[#This Row],[wat_bas_r]],0) -> 98 | X100: =ROUND(Sheet1[[#This Row],[wat_bas_u]],0) -> 100 | Y100: =IF(AND(COUNTIFS($A:$A,A100)>1, COUNTIFS($A:$A,A100,$E:$E,">99")=COUNTIFS($A:$A,A100)), "full access", "not full access") -> full access | Z100: =IF(AND(COUNTIFS($A:$A,A100)>1, COUNTIFS($A:$A,A100,$I:$I,">99")=COUNTIFS($A:$A,A100)), "full access", "not full access") -> not full access | AA100: =IF(AND(COUNTIFS($A:$A,A100)>1, COUNTIFS($A:$A,A100,$M:$M,">99")=COUNTIFS($A:$A,A100)), "full access", "not full access") -> full access
...
